Date,Name,Year,Letterboxd URI
2020-02-21,Knives Out,2019,https://boxd.it/jWEA
2020-02-21,Joker,2019,https://boxd.it/h4cS
2020-02-21,Once Upon a Time... in Hollywood,2019,https://boxd.it/gH0O
2020-02-22,50/50,2011,https://boxd.it/10Tw
2020-02-22,Zack and Miri Make a Porno,2008,https://boxd.it/1WsI
2020-02-23,To All the Boys I've Loved Before,2018,https://boxd.it/gHec
2020-02-26,Yes Man,2008,https://boxd.it/1WPW
2020-02-26,Benchwarmers 2: Breaking Balls,2019,https://boxd.it/larM
2020-02-29,Back to the Future Part III,1990,https://boxd.it/2aTS
2020-02-29,She's Out of My League,2010,https://boxd.it/1eww
2020-03-03,The Interview,2014,https://boxd.it/6KQ4
2020-03-03,To All the Boys: P.S. I Still Love You,2020,https://boxd.it/kJny
2020-03-07,The Great Gatsby,2013,https://boxd.it/JY
2020-03-07,Zathura: A Space Adventure,2005,https://boxd.it/21mq
2020-03-15,We Bought a Zoo,2011,https://boxd.it/2AU8
2020-03-16,Iron Man,2008,https://boxd.it/28dA
2020-03-16,Swiped,2018,https://boxd.it/juNE
2020-03-22,Ford v Ferrari,2019,https://boxd.it/ce74
2020-03-29,Shutter Island,2010,https://boxd.it/1U82
2020-03-30,Kill Bill: Vol. 1,2003,https://boxd.it/70w
2020-03-30,Iron Man 2,2010,https://boxd.it/1WZM
2020-03-31,The Incredible Hulk,2008,https://boxd.it/28dU
2020-04-01,The Greatest Showman,2017,https://boxd.it/acjI
2020-04-01,Thor,2011,https://boxd.it/1WQU
2020-04-02,Captain America: The First Avenger,2011,https://boxd.it/28b0
2020-04-05,The Avengers,2012,https://boxd.it/1xFW
2020-04-08,Iron Man 3,2013,https://boxd.it/2cBQ
2020-04-08,Thor: The Dark World,2013,https://boxd.it/2DqA
2020-04-09,Captain America: The Winter Soldier,2014,https://boxd.it/3r58
2020-04-10,The Social Network,2010,https://boxd.it/17ue
2020-04-11,Guardians of the Galaxy,2014,https://boxd.it/3VH2
2020-04-12,Avengers: Age of Ultron,2015,https://boxd.it/3qi6
2020-04-12,The Hangover,2009,https://boxd.it/1GjK
2020-04-15,Good Boys,2019,https://boxd.it/iW1G
2020-04-15,Ant-Man,2015,https://boxd.it/3vmW
2020-04-19,21,2008,https://boxd.it/20BO
2020-04-20,Captain America: Civil War,2016,https://boxd.it/89Ja
2020-04-24,Ferris Bueller's Day Off,1986,https://boxd.it/1YPY
2020-05-03,Groundhog Day,1993,https://boxd.it/2b3e
2020-05-05,Zombieland: Double Tap,2019,https://boxd.it/bgb6
2020-05-10,Doctor Strange,2016,https://boxd.it/8MH8
2020-05-10,The Last Dance,2020,https://boxd.it/pVfc
2020-05-12,Guardians of the Galaxy Vol. 2,2017,https://boxd.it/8MxC
2020-05-14,Spider-Man: Homecoming,2017,https://boxd.it/aboM
2020-05-15,Thor: Ragnarok,2017,https://boxd.it/8MHi
2020-05-16,Molly's Game,2017,https://boxd.it/dSl8
2020-05-17,Black Panther,2018,https://boxd.it/8MHs
2020-05-18,Silver Linings Playbook,2012,https://boxd.it/2TTo
2020-05-19,Avengers: Infinity War,2018,https://boxd.it/9vEe
2020-05-19,Soul Surfer,2011,https://boxd.it/T9G
2020-05-22,Crazy Rich Asians,2018,https://boxd.it/gfnK
2020-05-23,Escape Room,2019,https://boxd.it/iYlS
2020-05-23,Captain Marvel,2019,https://boxd.it/9vSA
2020-05-24,Midsommar,2019,https://boxd.it/jhxe
2020-05-29,Ant-Man and the Wasp,2018,https://boxd.it/cqUW
2020-06-02,Avengers: Endgame,2019,https://boxd.it/9vE4
2020-06-04,High School Musical 2,2007,https://boxd.it/1PIu
2020-06-05,High School Musical 3: Senior Year,2008,https://boxd.it/1SR0
2020-06-07,Fahrenheit 451,2018,https://boxd.it/e7Dm
2020-06-07,Percy Jackson & the Olympians: The Lightning Thief,2010,https://boxd.it/1gJi
2020-06-08,The Hateful Eight,2015,https://boxd.it/8gw8
2020-06-15,Long Gone Summer,2020,https://boxd.it/qmjK
2020-06-25,Catch Me If You Can,2002,https://boxd.it/29VS
2020-07-27,The Kissing Booth 2,2020,https://boxd.it/lrky
2020-08-01,Uncut Gems,2019,https://boxd.it/gXGc
2020-08-06,Caddyshack,1980,https://boxd.it/1SCO
2020-08-07,Step Brothers,2008,https://boxd.it/1SsE
2020-08-07,Harry Potter and the Deathly Hallows: Part 2,2011,https://boxd.it/1RYk
2020-08-11,The Last Song,2010,https://boxd.it/1c5I
2020-08-11,National Treasure,2004,https://boxd.it/27x0
2020-08-11,Spider-Man: Far From Home,2019,https://boxd.it/fegG
2020-08-22,There Will Be Blood,2007,https://boxd.it/20Z2
2020-08-25,Rain Man,1988,https://boxd.it/2avw
2020-08-28,Zodiac,2007,https://boxd.it/27MO
2020-09-05,Django Unchained,2012,https://boxd.it/2cCk
2020-09-12,Due Date,2010,https://boxd.it/YFs
2020-09-20,Tenet,2020,https://boxd.it/leq4
2020-09-22,Limitless,2011,https://boxd.it/Aly
2020-10-02,The Report,2019,https://boxd.it/j2X2
2020-10-04,Whiplash,2014,https://boxd.it/7bQA
2020-10-11,The F**k-It List,2020,https://boxd.it/m3uc
2020-10-15,Saving Mr. Banks,2013,https://boxd.it/4vIq
2020-10-25,Borat: Cultural Learnings of America for Make Benefit Glorious Nation of Kazakhstan,2006,https://boxd.it/2agQ
2020-10-25,Borat Subsequent Moviefilm,2020,https://boxd.it/rNS0
2020-10-25,Us,2019,https://boxd.it/gnV6
2020-10-25,Baby Driver,2017,https://boxd.it/bhF2
2020-10-25,Interstellar,2014,https://boxd.it/4VZ8
2020-10-25,Inglourious Basterds,2009,https://boxd.it/1JzG
2020-10-25,The Shining,1980,https://boxd.it/29Nu
2020-10-25,The Wolf of Wall Street,2013,https://boxd.it/3C1m
2020-10-25,Hereditary,2018,https://boxd.it/hNVe
2020-10-25,Dunkirk,2017,https://boxd.it/d0Y6
2020-10-25,The Silence of the Lambs,1991,https://boxd.it/2aHW
2020-10-25,The Godfather,1972,https://boxd.it/2aNK
2020-10-25,A Quiet Place,2018,https://boxd.it/fVJQ
2020-10-25,Deadpool,2016,https://boxd.it/9fOC
2020-10-25,Forrest Gump,1994,https://boxd.it/728
2020-10-25,The Truman Show,1998,https://boxd.it/18U8
2020-10-25,It,2017,https://boxd.it/bC8e
2020-10-25,The Lord of the Rings: The Fellowship of the Ring,2001,https://boxd.it/2b5O
2020-10-25,Back to the Future,1985,https://boxd.it/2b8e
2020-10-25,The Martian,2015,https://boxd.it/8SeG
2020-10-25,Bohemian Rhapsody,2018,https://boxd.it/f1TK
2020-10-25,No Country for Old Men,2007,https://boxd.it/21ew
2020-10-25,WALL·E,2008,https://boxd.it/1VEo
2020-10-25,Up,2009,https://boxd.it/1OEc
2020-10-25,Toy Story,1995,https://boxd.it/29qA
2020-10-25,Incredibles 2,2018,https://boxd.it/7IPg
2020-10-25,The Incredibles,2004,https://boxd.it/1XLm
2020-10-25,Ratatouille,2007,https://boxd.it/27ww
2020-10-25,The Lord of the Rings: The Return of the King,2003,https://boxd.it/2b5u
2020-10-25,The Breakfast Club,1985,https://boxd.it/27q4
2020-10-25,The Lord of the Rings: The Two Towers,2002,https://boxd.it/2b5E
2020-10-25,Deadpool 2,2018,https://boxd.it/dlLM
2020-10-25,Harry Potter and the Prisoner of Azkaban,2004,https://boxd.it/29Qy
2020-10-25,Gravity,2013,https://boxd.it/GZY
2020-10-25,Toy Story 4,2019,https://boxd.it/9ALu
2020-10-25,Harry Potter and the Philosopher's Stone,2001,https://boxd.it/29QS
2020-10-25,Jaws,1975,https://boxd.it/2a5e
2020-10-25,Kingsman: The Secret Service,2014,https://boxd.it/6dxe
2020-10-25,"Monsters, Inc.",2001,https://boxd.it/2a46
2020-10-25,Toy Story 3,2010,https://boxd.it/1WRe
2020-10-25,Ready Player One,2018,https://boxd.it/aZes
2020-10-25,Moana,2016,https://boxd.it/8tfY
2020-10-25,Harry Potter and the Chamber of Secrets,2002,https://boxd.it/29QI
2020-10-25,Harry Potter and the Goblet of Fire,2005,https://boxd.it/29Qo
2020-10-25,Toy Story 2,1999,https://boxd.it/29qq
2020-10-25,The Hunger Games,2012,https://boxd.it/2uds
2020-10-25,Harry Potter and the Deathly Hallows: Part 1,2010,https://boxd.it/1RYu
2020-10-25,Harry Potter and the Order of the Phoenix,2007,https://boxd.it/29Qe
2020-10-25,Shrek,2001,https://boxd.it/29zi
2020-10-25,E.T. the Extra-Terrestrial,1982,https://boxd.it/2a1G
2020-10-25,Harry Potter and the Half-Blood Prince,2009,https://boxd.it/29FU
2020-10-25,Zombieland,2009,https://boxd.it/1En6
2020-10-25,Home Alone,1990,https://boxd.it/29Fg
2020-10-25,Bird Box,2018,https://boxd.it/eh1i
2020-10-25,Superbad,2007,https://boxd.it/20hO
2020-10-25,Mean Girls,2004,https://boxd.it/1VNg
2020-10-25,Game Night,2018,https://boxd.it/fRtu
2020-10-25,First Man,2018,https://boxd.it/cPym
2020-10-25,"Love, Simon",2018,https://boxd.it/g02s
2020-10-25,Life of Pi,2012,https://boxd.it/37pC
2020-10-25,The Conjuring,2013,https://boxd.it/4sr2
2020-10-25,21 Jump Street,2012,https://boxd.it/J0
2020-10-25,Back to the Future Part II,1989,https://boxd.it/2aYI
2020-10-25,Jumanji: Welcome to the Jungle,2017,https://boxd.it/bUeE
2020-10-25,Charlie and the Chocolate Factory,2005,https://boxd.it/2b68
2020-10-25,School of Rock,2003,https://boxd.it/28xK
2020-10-25,Men in Black,1997,https://boxd.it/2a0I
2020-10-25,Creed,2015,https://boxd.it/a2qk
2020-10-25,Mamma Mia!,2008,https://boxd.it/1Tnq
2020-10-25,Aladdin,2019,https://boxd.it/eSjy
2020-10-25,22 Jump Street,2014,https://boxd.it/5Fvy
2020-10-25,Cast Away,2000,https://boxd.it/20i8
2020-10-25,Chernobyl,2019,https://boxd.it/mkbG
2020-10-25,Moneyball,2011,https://boxd.it/glS
2020-10-25,Ted,2012,https://boxd.it/2pgc
2020-10-25,Elf,2003,https://boxd.it/1VyK
2020-10-25,Pitch Perfect,2012,https://boxd.it/3OsE
2020-10-25,Steve Jobs,2015,https://boxd.it/araG
2020-10-25,Happy Death Day,2017,https://boxd.it/fDz4
2020-10-25,127 Hours,2010,https://boxd.it/SLa
2020-10-25,The 40 Year Old Virgin,2005,https://boxd.it/21hK
2020-10-25,Night at the Museum,2006,https://boxd.it/28wi
2020-10-25,The Conjuring 2,2016,https://boxd.it/7GJg
2020-10-25,Legally Blonde,2001,https://boxd.it/1ZNa
2020-10-25,The Pursuit of Happyness,2006,https://boxd.it/28PE
2020-10-25,"Extremely Wicked, Shockingly Evil and Vile",2019,https://boxd.it/glCG
2020-10-25,Insidious,2010,https://boxd.it/H4k
2020-10-25,Pineapple Express,2008,https://boxd.it/1WRS
2020-10-25,The Princess Diaries,2001,https://boxd.it/1XCO
2020-10-25,Fyre,2019,https://boxd.it/kP0g
2020-10-25,Click,2006,https://boxd.it/1YVM
2020-10-25,50 First Dates,2004,https://boxd.it/285c
2020-10-25,The Meg,2018,https://boxd.it/bAL4
2020-10-25,Christopher Robin,2018,https://boxd.it/eSj4
2020-10-25,Creed II,2018,https://boxd.it/hgl8
2020-10-25,Pet Sematary,2019,https://boxd.it/4W0q
2020-10-25,The Da Vinci Code,2006,https://boxd.it/2a3i
2020-10-25,Men in Black II,2002,https://boxd.it/2a0y
2020-10-25,Tag,2018,https://boxd.it/gh7Y
2020-10-25,The Blind Side,2009,https://boxd.it/1zWg
2020-10-25,Apollo 13,1995,https://boxd.it/2a6G
2020-10-25,Forgetting Sarah Marshall,2008,https://boxd.it/1XEq
2020-10-25,The Nun,2018,https://boxd.it/fBkw
2020-10-25,Anchorman 2: The Legend Continues,2013,https://boxd.it/3GNk
2020-10-25,The Haunting of Hill House,2018,https://boxd.it/kfJ0
2020-10-25,DodgeBall: A True Underdog Story,2004,https://boxd.it/1YAY
2020-10-25,Happy Gilmore,1996,https://boxd.it/1Yey
2020-10-25,The Kissing Booth,2018,https://boxd.it/geR0
2020-10-25,Grown Ups,2010,https://boxd.it/169a
2020-10-25,Annabelle: Creation,2017,https://boxd.it/dSxe
2020-10-25,17 Again,2009,https://boxd.it/1Jnq
2020-10-25,Annabelle,2014,https://boxd.it/7l84
2020-10-25,Central Intelligence,2016,https://boxd.it/9DFE
2020-10-25,Meet the Fockers,2004,https://boxd.it/29NE
2020-10-25,Annabelle Comes Home,2019,https://boxd.it/iU5m
2020-10-25,The First Purge,2018,https://boxd.it/fJfk
2020-10-25,Insidious: Chapter 2,2013,https://boxd.it/3dqc
2020-10-25,The Commuter,2018,https://boxd.it/dZ36
2020-10-25,Just Go with It,2011,https://boxd.it/Doq
2020-10-25,The Sandlot,1993,https://boxd.it/1TDy
2020-10-25,You Don't Mess with the Zohan,2008,https://boxd.it/1VHs
2020-10-25,Billy Madison,1995,https://boxd.it/1UQI
2020-10-25,Harold & Kumar Go to White Castle,2004,https://boxd.it/1Ueu
2020-10-25,Field of Dreams,1989,https://boxd.it/26VK
2020-10-25,Role Models,2008,https://boxd.it/1MmK
2020-10-25,Daddy's Home,2015,https://boxd.it/8jSc
2020-10-25,The Waterboy,1998,https://boxd.it/1VHi
2020-10-25,October Sky,1999,https://boxd.it/1Q7u
2020-11-10,The Queen's Gambit,2020,https://boxd.it/s1Ym
2020-11-11,Easy A,2010,https://boxd.it/17DK
2020-11-29,Snowden,2016,https://boxd.it/9CWO
2020-12-02,Dallas Buyers Club,2013,https://boxd.it/4O8G
2020-12-14,The Haunting of Bly Manor,2020,https://boxd.it/rUdS
2020-12-15,Taxi Driver,1976,https://boxd.it/2b8y
2020-12-25,Jersey Boys,2014,https://boxd.it/6geu
2021-01-10,Miracle,2004,https://boxd.it/1OmM
2021-01-28,What's Eating Gilbert Grape,1993,https://boxd.it/28xg
2021-01-29,Starstruck,2010,https://boxd.it/1cjq
2021-01-31,Spotlight,2015,https://boxd.it/a84k
2021-02-02,Chappaquiddick,2017,https://boxd.it/fkDc
2021-02-14,To All the Boys: Always and Forever,2021,https://boxd.it/mI1A
2021-02-19,You Again,2010,https://boxd.it/16iw
2021-03-19,WandaVision,2021,https://boxd.it/sbGW
2021-03-19,Happy Feet,2006,https://boxd.it/1XH0
2021-03-23,The Green Inferno,2013,https://boxd.it/5hE2
2021-03-27,The Grand Budapest Hotel,2014,https://boxd.it/3ZqO
2021-04-03,Isle of Dogs,2018,https://boxd.it/dZrW
2021-04-11,Saving Private Ryan,1998,https://boxd.it/29ro
2021-04-19,Project Power,2020,https://boxd.it/ml8S
2021-04-19,Thunder Force,2021,https://boxd.it/mLsE
2021-05-01,The Falcon and the Winter Soldier,2021,https://boxd.it/sbH6
2021-05-15,War Dogs,2016,https://boxd.it/9SlO
2021-06-09,A Quiet Place Part II,2020,https://boxd.it/iTx0
2021-06-28,The Dark Knight,2008,https://boxd.it/2b0k
2021-06-30,The Conjuring: The Devil Made Me Do It,2021,https://boxd.it/eXZY
2021-07-02,Safe Haven,2013,https://boxd.it/3My6
2021-07-03,The Tomorrow War,2021,https://boxd.it/lE78
2021-07-12,Luca,2021,https://boxd.it/ipjC
2021-07-23,The Devil Wears Prada,2006,https://boxd.it/2awE
2021-07-28,Black Widow,2021,https://boxd.it/hWV8
2021-08-01,The Natural,1984,https://boxd.it/1TX4
2021-08-01,A League of Their Own,1992,https://boxd.it/1UdG
2021-08-01,Loki,2021,https://boxd.it/sbHg
2021-08-02,The Trial of the Chicago 7,2020,https://boxd.it/kn3w
2021-08-02,The Departed,2006,https://boxd.it/28MA
2021-08-07,Moon,2009,https://boxd.it/1IGQ
2021-08-07,Marriage Story,2019,https://boxd.it/hJAw
2021-08-13,The Kissing Booth 3,2021,https://boxd.it/rhOA
2021-08-29,Spider-Man,2002,https://boxd.it/2a8i
2021-08-31,Spider-Man 2,2004,https://boxd.it/2a88
2021-10-02,Shang-Chi and the Legend of the Ten Rings,2021,https://boxd.it/kLDI
2021-10-31,Something Borrowed,2011,https://boxd.it/H3Q
2021-11-12,The Guilty,2021,https://boxd.it/kOPW
2021-12-16,Spider-Man 3,2007,https://boxd.it/2a7Y
2021-12-16,A California Christmas,2020,https://boxd.it/sSrK
2021-12-18,A Castle for Christmas,2021,https://boxd.it/svx6
2021-12-18,Avatar,2009,https://boxd.it/1Efm
2021-12-19,Squid Game,2021,https://boxd.it/x1OG
2021-12-19,Fight Club,1999,https://boxd.it/2a9q
2021-12-19,Unaccompanied Minors,2006,https://boxd.it/1Hv8
2021-12-20,Titanic,1997,https://boxd.it/2a2k
2021-12-20,The Santa Clause,1994,https://boxd.it/1TWK
2021-12-20,The Santa Clause 2,2002,https://boxd.it/1ZmI
2021-12-21,The Amazing Spider-Man,2012,https://boxd.it/27PI
2021-12-23,The Amazing Spider-Man 2,2014,https://boxd.it/3utM
2021-12-24,The Giver,2014,https://boxd.it/6HWo
2021-12-27,Spider-Man: No Way Home,2021,https://boxd.it/nwRw
2021-12-29,Don't Look Up,2021,https://boxd.it/o0Hc
2022-01-03,Hawkeye,2021,https://boxd.it/xQqK
2022-01-03,Journey 2: The Mysterious Island,2012,https://boxd.it/2o8m
2022-01-03,Ronnie Coleman: The King,2018,https://boxd.it/joig
2022-01-03,Have a Good Trip: Adventures in Psychedelics,2020,https://boxd.it/p4KQ
2022-01-03,Operation Varsity Blues: The College Admissions Scandal,2021,https://boxd.it/u5UW
2022-01-10,"I, Tonya",2017,https://boxd.it/dzR0
2022-01-18,Eternals,2021,https://boxd.it/j36o
2022-01-19,La La Land,2016,https://boxd.it/a5fa
2022-01-27,X-Men,2000,https://boxd.it/1a7s
2022-01-27,"tick, tick... BOOM!",2021,https://boxd.it/jz2e
2022-01-29,X2,2003,https://boxd.it/1a7i
2022-01-30,X-Men: The Last Stand,2006,https://boxd.it/1a5Q
2022-02-04,X-Men Origins: Wolverine,2009,https://boxd.it/27ug
2022-02-06,Encanto,2021,https://boxd.it/kPRu
2022-02-21,The King's Man,2021,https://boxd.it/h714
2022-03-22,The Adam Project,2022,https://boxd.it/q2Dg
2022-03-27,OLIVIA RODRIGO: driving home 2 u (a SOUR film),2022,https://boxd.it/zrig
2022-03-30,The Batman,2022,https://boxd.it/eDGs
2022-04-02,Road Trip,2000,https://boxd.it/1Z4a
2022-04-04,X-Men: First Class,2011,https://boxd.it/FOA
2022-04-14,X-Men: Days of Future Past,2014,https://boxd.it/4aRw
2022-04-17,Everything Everywhere All at Once,2022,https://boxd.it/jUk4
2022-04-18,Land of the Lost,2009,https://boxd.it/1Htc
2022-04-29,Project X,2012,https://boxd.it/neO
2022-05-06,Nightmare Alley,2021,https://boxd.it/m0HC
2022-05-08,Doctor Strange in the Multiverse of Madness,2022,https://boxd.it/gaTc
2022-05-08,Moon Knight,2022,https://boxd.it/zeDq
2022-05-10,Free Guy,2021,https://boxd.it/k8dm
2022-05-20,Rush,2013,https://boxd.it/3lyS
2022-05-25,The Imitation Game,2014,https://boxd.it/6aig
2022-05-25,BlacKkKlansman,2018,https://boxd.it/hxL8
2022-05-27,Old,2021,https://boxd.it/npKI
2022-06-02,King Richard,2021,https://boxd.it/mJZ2
2022-06-07,The Lizzie McGuire Movie,2003,https://boxd.it/1GoA
2022-06-09,Uncharted,2022,https://boxd.it/b5Dy
2022-06-10,The Day After Tomorrow,2004,https://boxd.it/2aog
2022-06-10,Rocketman,2019,https://boxd.it/iehK
2022-06-10,Space Jam: A New Legacy,2021,https://boxd.it/dd9A
2022-06-22,Top Gun: Maverick,2022,https://boxd.it/cjr4
2022-07-01,Spiderhead,2022,https://boxd.it/mLsO
2022-07-06,Minions: The Rise of Gru,2022,https://boxd.it/fz9w
2022-07-11,LOL,2012,https://boxd.it/2Nas
2022-07-13,The Terminal,2004,https://boxd.it/2a2O
2022-07-13,Thor: Love and Thunder,2022,https://boxd.it/mMAY
2022-07-18,Little Italy,2018,https://boxd.it/j1w0
2022-07-18,Status Update,2018,https://boxd.it/eHxk
2022-07-19,Non-Stop,2014,https://boxd.it/6FtO
2022-07-20,Jurassic Park,1993,https://boxd.it/2aA2
2022-07-25,Get Out,2017,https://boxd.it/eOCm
2022-07-27,Nope,2022,https://boxd.it/sDCe
2022-08-15,The Black Phone,2021,https://boxd.it/sqFE
2022-08-16,"Crazy, Stupid, Love.",2011,https://boxd.it/D9A
2022-08-17,Bodies Bodies Bodies,2022,https://boxd.it/iRcE
2022-08-27,American Psycho,2000,https://boxd.it/28Vs
2022-08-29,Lightyear,2022,https://boxd.it/qV1G
2022-09-28,Untold: The Girlfriend Who Didn't Exist,2022,https://boxd.it/CqKE
2022-09-28,Ex Machina,2015,https://boxd.it/7T2k
2022-09-30,West Side Story,2021,https://boxd.it/iwt0
2022-10-01,This Is the End,2013,https://boxd.it/3GB4
2022-10-01,Mississippi Grind,2015,https://boxd.it/9UfI
2022-10-02,Blonde,2022,https://boxd.it/9AG0
2022-10-04,Ocean's Eleven,2001,https://boxd.it/2aZm
2022-10-05,Don't Worry Darling,2022,https://boxd.it/mViu
2022-10-07,The Card Counter,2021,https://boxd.it/nTH0
2022-10-11,Moonfall,2022,https://boxd.it/ejwM
2022-10-13,Hustlers,2019,https://boxd.it/jIBM
2022-10-13,12 Angry Men,1957,https://boxd.it/2auI
2022-10-13,2001: A Space Odyssey,1968,https://boxd.it/2bf0
2022-10-13,The Matrix,1999,https://boxd.it/2a1m
2022-10-13,The Adventures of Sharkboy and Lavagirl,2005,https://boxd.it/1Ozm
2022-10-13,Bridge to Terabithia,2007,https://boxd.it/28YG
2022-10-13,Holes,2003,https://boxd.it/20mE
2022-10-13,Dumb and Dumber,1994,https://boxd.it/206m
2022-10-13,Jumanji: The Next Level,2019,https://boxd.it/ixu4
2022-10-13,The Pianist,2002,https://boxd.it/2aqc
2022-10-17,Return to Halloweentown,2006,https://boxd.it/1e9i
2022-10-19,30 Minutes or Less,2011,https://boxd.it/bRa
2022-10-21,Father of the Bride,1991,https://boxd.it/1SWY
2022-10-26,A Cinderella Story,2004,https://boxd.it/1UgU
2022-10-26,Cheaper by the Dozen,2003,https://boxd.it/1USa
2022-11-03,See How They Run,2022,https://boxd.it/sNVq
2022-11-10,Mr. & Mrs. Smith,2005,https://boxd.it/29CG
2022-11-22,Cruella,2021,https://boxd.it/bbKg
2022-11-27,The Gift,2015,https://boxd.it/aJMy
2022-12-01,Black Panther: Wakanda Forever,2022,https://boxd.it/igPu
2022-12-12,The Guardians of the Galaxy Holiday Special,2022,https://boxd.it/t77K
2022-12-12,Home Alone 2: Lost in New York,1992,https://boxd.it/29F6
2022-12-16,Who Killed Santa? A Murderville Murder Mystery,2022,https://boxd.it/DKgw
2022-12-16,A Christmas Story,1983,https://boxd.it/29sw
2022-12-17,Zoolander,2001,https://boxd.it/1YMA
2022-12-22,Finding Nemo,2003,https://boxd.it/72i
2022-12-22,The Lion King,1994,https://boxd.it/201Q
2022-12-28,Avatar: The Way of Water,2022,https://boxd.it/2E2E
2023-01-02,American Hustle,2013,https://boxd.it/5dz8
2023-01-03,Glass Onion,2022,https://boxd.it/oCkK
2023-01-13,Marley & Me,2008,https://boxd.it/1Ola
2023-01-25,The Internship,2013,https://boxd.it/3SWS
2023-01-27,Vacation,2015,https://boxd.it/9n9M
2023-01-27,Tammy,2014,https://boxd.it/6GOS
2023-01-28,Cheaper by the Dozen 2,2005,https://boxd.it/1Yac
2023-01-29,Suicide Squad,2016,https://boxd.it/9row
2023-01-31,The Aviator,2004,https://boxd.it/26BU
2023-02-04,Where the Crawdads Sing,2022,https://boxd.it/psLS
2023-02-06,Arctic,2018,https://boxd.it/gc1Q
2023-02-10,The Redeem Team,2022,https://boxd.it/Cvz2
2023-02-27,Ant-Man and the Wasp: Quantumania,2023,https://boxd.it/nL2y
2023-03-08,Creed III,2023,https://boxd.it/pf68
2023-03-23,Good Will Hunting,1997,https://boxd.it/2ahY
2023-03-29,The Hunger Games: Catching Fire,2013,https://boxd.it/3sAw
2023-04-02,The Hunger Games: Mockingjay – Part 1,2014,https://boxd.it/4hka
2023-04-02,The Hunger Games: Mockingjay – Part 2,2015,https://boxd.it/4hk0
2023-04-09,Murder Mystery 2,2023,https://boxd.it/nHOo
2023-04-23,The Hating Game,2021,https://boxd.it/mhiE
2023-04-30,Bullet Train,2022,https://boxd.it/qW26
2023-05-03,Ghosted,2023,https://boxd.it/wL1e
2023-05-10,Guardians of the Galaxy Vol. 3,2023,https://boxd.it/fVNI
2023-05-17,The Proposal,2009,https://boxd.it/1HiS
2023-05-17,Clueless,1995,https://boxd.it/1Ygk
2023-05-25,Air,2023,https://boxd.it/Arlc
2023-05-29,The Little Mermaid,1989,https://boxd.it/1WYO
2023-05-29,Twilight,2008,https://boxd.it/1Zui
2023-05-29,How to Lose a Guy in 10 Days,2003,https://boxd.it/1XwG
2023-05-29,Fast & Furious 6,2013,https://boxd.it/2UG6
2023-05-29,How to Train Your Dragon,2010,https://boxd.it/1WRy
2023-05-29,Kung Fu Panda,2008,https://boxd.it/1Yws
2023-05-29,Transformers,2007,https://boxd.it/280c
2023-05-29,The Emperor's New Groove,2000,https://boxd.it/1Tey
2023-05-29,White Chicks,2004,https://boxd.it/1SpK
2023-05-29,The Parent Trap,1998,https://boxd.it/1XJq
2023-05-29,Aladdin,1992,https://boxd.it/29yE
2023-05-29,Madagascar,2005,https://boxd.it/29dc
2023-05-29,Grease,1978,https://boxd.it/29YW
2023-05-29,Napoleon Dynamite,2004,https://boxd.it/20wu
2023-05-29,Freaky Friday,2003,https://boxd.it/1WwK
2023-05-29,The Wizard of Oz,1939,https://boxd.it/29Xu
2023-05-29,Hercules,1997,https://boxd.it/1SDW
2023-05-29,The Iron Giant,1999,https://boxd.it/1Wow
2023-05-29,Rise of the Planet of the Apes,2011,https://boxd.it/cS4
2023-05-29,The Mask,1994,https://boxd.it/29rS
2023-05-29,Slumdog Millionaire,2008,https://boxd.it/1S3E
2023-05-29,High School Musical,2006,https://boxd.it/1V0y
2023-05-29,Shrek the Third,2007,https://boxd.it/29yY
2023-05-29,Pitch Perfect 2,2015,https://boxd.it/7tNa
2023-05-29,Tropic Thunder,2008,https://boxd.it/20WM
2023-05-29,We're the Millers,2013,https://boxd.it/4srQ
2023-05-29,Bridesmaids,2011,https://boxd.it/rac
2023-05-29,The Theory of Everything,2014,https://boxd.it/7YtA
2023-05-29,Bee Movie,2007,https://boxd.it/22Vw
2023-05-29,Jumanji,1995,https://boxd.it/1ZLI
2023-05-29,Tarzan,1999,https://boxd.it/18YO
2023-05-29,The SpongeBob SquarePants Movie,2004,https://boxd.it/1SYq
2023-05-29,Rio,2011,https://boxd.it/NKc
2023-06-13,Spider-Man: Into the Spider-Verse,2018,https://boxd.it/azpY
2023-06-14,Spider-Man: Across the Spider-Verse,2023,https://boxd.it/kSz4
2023-06-21,Ed Sheeran: The Sum of It All,2023,https://boxd.it/GqVg
2023-07-03,Sully,2016,https://boxd.it/cD8Q
2023-07-23,Barbie,2023,https://boxd.it/bCLK
2023-07-27,Neighbors,2014,https://boxd.it/5Txe
2023-07-30,Oppenheimer,2023,https://boxd.it/wUow
2023-08-03,All Quiet on the Western Front,2022,https://boxd.it/H08
2023-08-13,Stan Lee,2023,https://boxd.it/qR5u
2023-08-14,The Super Mario Bros. Movie,2023,https://boxd.it/i8C8
2023-08-15,Untold: Johnny Football,2023,https://boxd.it/HxO4
2023-08-16,Bros,2022,https://boxd.it/mJZw
2023-08-19,Race,2016,https://boxd.it/awuc
2023-08-20,Untold: Hall of Shame,2023,https://boxd.it/HAhC
2023-08-20,Untold: Malice at the Palace,2021,https://boxd.it/wnUa
2023-08-22,Untold: Operation Flagrant Foul,2022,https://boxd.it/BT0e
2023-08-26,Rudy,1993,https://boxd.it/1NUe
2023-08-27,John Wick,2014,https://boxd.it/7dEc
2023-09-05,Untold: Swamp Kings,2023,https://boxd.it/HRss
2023-09-26,Untold: Jake Paul the Problem Child,2023,https://boxd.it/H9J0
2023-09-26,The Machine,2023,https://boxd.it/o2IG
2023-10-01,Murder Mystery,2019,https://boxd.it/iEBm
2023-10-01,Happy Death Day 2U,2019,https://boxd.it/ixt6
2023-10-01,The Package,2018,https://boxd.it/ibD4
2023-10-01,Hot Tub Time Machine,2010,https://boxd.it/1zIS
2023-10-01,Night at the Museum: Battle of the Smithsonian,2009,https://boxd.it/1H7U
2023-10-01,Wizards of Waverly Place: The Movie,2009,https://boxd.it/1thQ
2023-10-01,Hannah Montana: The Movie,2009,https://boxd.it/1Hx4
2023-10-01,Paul Blart: Mall Cop,2009,https://boxd.it/1NQw
2023-10-01,Alvin and the Chipmunks,2007,https://boxd.it/21E0
2023-10-01,The Game Plan,2007,https://boxd.it/1PDY
2023-10-01,Flushed Away,2006,https://boxd.it/1Tpm
2023-10-01,Charlotte's Web,2006,https://boxd.it/1Xn0
2023-10-01,Nacho Libre,2006,https://boxd.it/1YTG
2023-10-01,The Pink Panther,2006,https://boxd.it/1Sys
2023-10-01,Spy Kids,2001,https://boxd.it/1Xcw
2023-10-01,Air Bud,1997,https://boxd.it/1CYY
2023-10-02,Shane Gillis: Beautiful Dogs,2023,https://boxd.it/Ijri
2023-10-05,Teen Wolf,1985,https://boxd.it/1T0c
2023-10-05,Bend It Like Beckham,2002,https://boxd.it/2am0
2023-10-05,Chicken Little,2005,https://boxd.it/1Xnu
2023-10-05,Grease 2,1982,https://boxd.it/1Zk8
2023-10-05,"I Love You, Beth Cooper",2009,https://boxd.it/1ErW
2023-10-05,Kicking and Screaming,1995,https://boxd.it/1pHK
2023-10-05,Sky High,2005,https://boxd.it/1TNI
2023-10-05,Remember the Titans,2000,https://boxd.it/1VLk
2023-10-05,Camp Rock,2008,https://boxd.it/1PHw
2023-10-05,Herbie Fully Loaded,2005,https://boxd.it/1TP0
2023-10-05,The Princess Diaries 2: Royal Engagement,2004,https://boxd.it/1UyY
2023-10-05,Camp Rock 2: The Final Jam,2010,https://boxd.it/Sru
2023-10-05,Diary of a Wimpy Kid: Rodrick Rules,2011,https://boxd.it/gm2
2023-10-05,Diary of a Wimpy Kid: Dog Days,2012,https://boxd.it/2TG0
2023-10-05,Lemonade Mouth,2011,https://boxd.it/4bG
2023-10-07,The Wonderful Story of Henry Sugar,2023,https://boxd.it/yNyo
2023-10-08,The Big Short,2015,https://boxd.it/ajZw
2023-10-15,Mission: Impossible,1996,https://boxd.it/29d2
2023-10-15,Strays,2023,https://boxd.it/ynGQ
2023-10-24,Kelce,2023,https://boxd.it/IjGs
2023-10-27,Hubie Halloween,2020,https://boxd.it/mQwm
2023-10-29,Sydney White,2007,https://boxd.it/1VsM
2023-11-01,Pain Hustlers,2023,https://boxd.it/wBNW
2023-11-03,It Ain't Over,2023,https://boxd.it/ArIg
2023-11-04,The Holdovers,2023,https://boxd.it/vHza
2023-11-05,You Are So Not Invited to My Bat Mitzvah,2023,https://boxd.it/BMeI
2023-11-09,Edward Scissorhands,1990,https://boxd.it/2aZc
2023-11-09,Airplane!,1980,https://boxd.it/29yu
2023-11-09,Beauty and the Beast,1991,https://boxd.it/1XhG
2023-11-09,Mulan,1998,https://boxd.it/1VFw
2023-11-09,Office Space,1999,https://boxd.it/28Em
2023-11-10,Now You See Me,2013,https://boxd.it/2Bsu
2023-11-14,Our Idiot Brother,2011,https://boxd.it/hac
2023-11-17,Downsizing,2017,https://boxd.it/9Ajq
2023-11-20,Love Actually,2003,https://boxd.it/2aeU
2023-11-27,CODA,2021,https://boxd.it/tbf4
2023-11-28,Holidate,2020,https://boxd.it/mLcc
2023-11-29,No Hard Feelings,2023,https://boxd.it/xouu
2023-11-30,Dream Scenario,2023,https://boxd.it/v2h0
2023-12-01,Romeo + Juliet,1996,https://boxd.it/2ama
2023-12-08,Dazed and Confused,1993,https://boxd.it/1Ylk
2023-12-08,The Big Lebowski,1998,https://boxd.it/2b6C
2023-12-09,The Saint of Second Chances,2023,https://boxd.it/Gayq
2023-12-09,Arrival,2016,https://boxd.it/aNGk
2023-12-10,Old Dads,2023,https://boxd.it/Bk0o
2023-12-10,Hidden Figures,2016,https://boxd.it/dgS4
2023-12-21,The Christmas Chronicles,2018,https://boxd.it/ja7e
2023-12-25,The Polar Express,2004,https://boxd.it/23am
2023-12-26,Tetris,2023,https://boxd.it/rePK
2023-12-28,The Fighter,2010,https://boxd.it/PP4
2023-12-29,Reptile,2023,https://boxd.it/wKjc
2023-12-29,A Charlie Brown Christmas,1965,https://boxd.it/1QDq
2023-12-31,Black Mirror: Bandersnatch,2018,https://boxd.it/kTDG
2023-12-31,Black Mirror: San Junipero,2016,https://boxd.it/k4aS
2023-12-31,Black Mirror: Nosedive,2016,https://boxd.it/hK9G
2023-12-31,Black Mirror: Hang the DJ,2017,https://boxd.it/hQYA
2023-12-31,Black Mirror: USS Callister,2017,https://boxd.it/hQXi
2023-12-31,Black Mirror: Fifteen Million Merits,2011,https://boxd.it/hQYU
2023-12-31,Black Mirror: The Entire History of You,2011,https://boxd.it/hQZ4
2023-12-31,Black Mirror: The National Anthem,2011,https://boxd.it/hQYK
2023-12-31,"Black Mirror: Rachel, Jack and Ashley Too",2019,https://boxd.it/mltQ
2023-12-31,Black Mirror: Be Right Back,2013,https://boxd.it/hRpw
2023-12-31,Black Mirror: Playtest,2016,https://boxd.it/hRR6
2024-01-03,Anyone But You,2023,https://boxd.it/EzA8
2024-01-05,Saltburn,2023,https://boxd.it/z4eg
2024-01-07,The Longest Ride,2015,https://boxd.it/6JCA
2024-01-08,Bedtime Stories,2008,https://boxd.it/1WPM
2024-01-08,The Pacifier,2005,https://boxd.it/1Xhm
2024-01-08,The Little Mermaid,2023,https://boxd.it/fVum
2024-01-11,Godzilla Minus One,2023,https://boxd.it/zu4c
2024-01-12,Now You See Me 2,2016,https://boxd.it/99fw
2024-01-18,Poison,2023,https://boxd.it/Is7Q
2024-01-18,Robots,2005,https://boxd.it/1Xve
2024-01-18,The Nice Guys,2016,https://boxd.it/94Hg
2024-01-18,Willy Wonka & the Chocolate Factory,1971,https://boxd.it/2aLu
2024-01-18,The Hunchback of Notre Dame,1996,https://boxd.it/1VZQ
2024-01-18,Hairspray,1988,https://boxd.it/1UKK
2024-01-18,Gremlins,1984,https://boxd.it/29gg
2024-01-18,The Little Rascals,1994,https://boxd.it/1V8i
2024-01-18,Pocahontas,1995,https://boxd.it/1W2g
2024-01-18,A Goofy Movie,1995,https://boxd.it/1Lwu
2024-01-18,Stuart Little,1999,https://boxd.it/1WZW
2024-01-18,Shrek 2,2004,https://boxd.it/29z8
2024-01-18,Big Fat Liar,2002,https://boxd.it/1STg
2024-01-18,Spy Kids 2: The Island of Lost Dreams,2002,https://boxd.it/1Yyo
2024-01-18,Cadet Kelly,2002,https://boxd.it/1OVW
2024-01-18,Agent Cody Banks,2003,https://boxd.it/1V4g
2024-01-18,The Cheetah Girls,2003,https://boxd.it/1hkS
2024-01-18,The Simpsons Movie,2007,https://boxd.it/6YU
2024-01-18,Hairspray,2007,https://boxd.it/261M
2024-01-20,Facing Nolan,2022,https://boxd.it/zdsQ
2024-01-20,Burnt,2015,https://boxd.it/9mVg
2024-01-20,Men in Black: International,2019,https://boxd.it/hdJw
2024-01-23,Armstrong,2019,https://boxd.it/lKVe
2024-01-23,The Rat Catcher,2023,https://boxd.it/Is8a
2024-01-28,Killers of the Flower Moon,2023,https://boxd.it/gHp0
2024-01-29,Dumb Money,2023,https://boxd.it/tNdU
2024-01-29,The Fault in Our Stars,2014,https://boxd.it/6BQa
2024-01-29,Cloudy with a Chance of Meatballs,2009,https://boxd.it/1A40
2024-01-29,Cars,2006,https://boxd.it/29ho
2024-01-29,Ice Age,2002,https://boxd.it/2apS
2024-01-29,Hocus Pocus,1993,https://boxd.it/1Wgi
2024-01-29,Cocaine Bear,2023,https://boxd.it/ugw2
2024-01-30,The Menu,2022,https://boxd.it/lScm
2024-02-02,Major League,1989,https://boxd.it/1Xts
2024-02-02,For Love of the Game,1999,https://boxd.it/1WnS
2024-02-02,42,2013,https://boxd.it/3GBo
2024-02-02,Mr. 3000,2004,https://boxd.it/1Kxc
2024-02-02,Bull Durham,1988,https://boxd.it/2wS8
2024-02-02,Rookie of the Year,1993,https://boxd.it/2lyG
2024-02-02,61*,2001,https://boxd.it/1DjM
2024-02-02,The Bad News Bears,1976,https://boxd.it/1zb0
2024-02-02,Little Big League,1994,https://boxd.it/1iX2
2024-02-02,Summer Catch,2001,https://boxd.it/1txY
2024-02-02,Trouble with the Curve,2012,https://boxd.it/37pW
2024-02-02,The Benchwarmers,2006,https://boxd.it/1Xr2
2024-02-02,Baseball,1994,https://boxd.it/49uc
2024-02-02,Mr. Baseball,1992,https://boxd.it/1Gqc
2024-02-02,Angels in the Outfield,1994,https://boxd.it/1wYo
2024-02-02,The Hill,2023,https://boxd.it/wzY4
2024-02-03,Green Lantern,2011,https://boxd.it/QN4
2024-02-03,Aliens in the Attic,2009,https://boxd.it/1COY
2024-02-03,Ramona and Beezus,2010,https://boxd.it/153q
2024-02-03,Blazing Saddles,1974,https://boxd.it/1UHQ
2024-02-04,Serving Sara,2002,https://boxd.it/1RgM
2024-02-05,Maestro,2023,https://boxd.it/j0DE
2024-02-05,Baywatch,2017,https://boxd.it/biG6
2024-02-06,Pixels,2015,https://boxd.it/7BaA
2024-02-12,She's the Man,2006,https://boxd.it/1Y7W
2024-02-16,The Wedding Planner,2001,https://boxd.it/27Cu
2024-02-16,The Dead Zone,1983,https://boxd.it/1U6g
2024-02-18,Piranha 3D,2010,https://boxd.it/U5q
2024-02-19,She's All That,1999,https://boxd.it/1Wz0
2024-02-19,Walk Hard: The Dewey Cox Story,2007,https://boxd.it/21wK
2024-02-26,Doc & Darryl,2016,https://boxd.it/d7z8
2024-02-28,Men in Black 3,2012,https://boxd.it/103U
2024-02-28,Bolt,2008,https://boxd.it/1QXg
2024-02-28,Over the Hedge,2006,https://boxd.it/20QY
2024-02-28,Anchorman: The Legend of Ron Burgundy,2004,https://boxd.it/1ZVo
2024-02-28,Austin Powers: The Spy Who Shagged Me,1999,https://boxd.it/29xQ
2024-02-28,A Bug's Life,1998,https://boxd.it/1Yyy
2024-02-28,Austin Powers: International Man of Mystery,1997,https://boxd.it/29y0
2024-02-28,The Sound of Music,1965,https://boxd.it/1MLK
2024-02-28,Bambi,1942,https://boxd.it/25AQ
2024-02-28,Pinocchio,1940,https://boxd.it/1V8C
2024-02-28,Snow White and the Seven Dwarfs,1937,https://boxd.it/2arO
2024-03-01,Bob Marley: One Love,2024,https://boxd.it/uckw
2024-03-03,Once Upon a Time in Queens,2021,https://boxd.it/SZii
2024-03-06,Madame Web,2024,https://boxd.it/nwD0
2024-03-09,Wonka,2023,https://boxd.it/tCQm
2024-03-10,Poor Things,2023,https://boxd.it/tNWU
2024-03-13,Mean Girls,2024,https://boxd.it/p6nO
2024-03-20,The Upside,2017,https://boxd.it/fEPM
2024-03-20,Dune,2021,https://boxd.it/fA7G
2024-03-21,Dune: Part Two,2024,https://boxd.it/pUfA
2024-03-23,Paint,2023,https://boxd.it/uYp0
2024-03-23,The Hunger Games: The Ballad of Songbirds & Snakes,2023,https://boxd.it/pZCY
2024-04-01,Ferrari,2023,https://boxd.it/cEtq
2024-04-07,Ghostbusters: Frozen Empire,2024,https://boxd.it/AxYu
2024-04-09,Grown Ups 2,2013,https://boxd.it/3GAq
2024-04-10,Godzilla × Kong: The New Empire,2024,https://boxd.it/v1PK
2024-04-11,Kung Fu Panda 4,2024,https://boxd.it/CepE
2024-04-15,Stuck in Love,2012,https://boxd.it/3L08
2024-04-15,Civil War,2024,https://boxd.it/z1jW
2024-04-16,The Perks of Being a Wallflower,2012,https://boxd.it/2ZA8
2024-04-16,Long Shot,2019,https://boxd.it/grG0
2024-04-18,A Rainy Day in New York,2019,https://boxd.it/h2z6
2024-04-22,Monkey Man,2024,https://boxd.it/kvsO
2024-04-23,Ocean's Twelve,2004,https://boxd.it/2aZ2
2024-04-24,Planet of the Apes,1968,https://boxd.it/29p8
2024-04-25,The King of Staten Island,2020,https://boxd.it/litG
2024-04-29,Challengers,2024,https://boxd.it/zld0
2024-05-05,Star Wars: The Force Awakens,2015,https://boxd.it/4vru
2024-05-05,Star Wars: Episode I – The Phantom Menace,1999,https://boxd.it/27Vc
2024-05-06,Star Wars: Episode II – Attack of the Clones,2002,https://boxd.it/27V2
2024-05-06,Star Wars: Episode III – Revenge of the Sith,2005,https://boxd.it/27US
2024-05-09,27 Dresses,2008,https://boxd.it/21x4
2024-05-09,Princess Protection Program,2009,https://boxd.it/1F5s
2024-05-09,Twitches,2005,https://boxd.it/1BPw
2024-05-09,16 Wishes,2010,https://boxd.it/12eU
2024-05-09,Pitch Perfect 3,2017,https://boxd.it/bUre
2024-05-09,Dear John,2010,https://boxd.it/1zO2
2024-05-09,Valentine's Day,2010,https://boxd.it/1gui
2024-05-11,Fernando Nation,2010,https://boxd.it/tIg
2024-05-11,Lilo & Stitch,2002,https://boxd.it/1TAY
2024-05-13,"history of the entire world, i guess",2017,https://boxd.it/rQx0
2024-05-14,The Break-Up,2006,https://boxd.it/1XRk
2024-05-14,Mother of the Bride,2024,https://boxd.it/Fmay
2024-05-14,Unfrosted,2024,https://boxd.it/vPY8
2024-05-14,When We First Met,2018,https://boxd.it/fn3G
2024-05-14,Priscilla,2023,https://boxd.it/Cz3k
2024-05-14,Pixels,2010,https://boxd.it/4pfM
2024-05-16,The Idea of You,2024,https://boxd.it/vOW6
2024-05-17,Kingdom of the Planet of the Apes,2024,https://boxd.it/ohEE
2024-05-18,Yesterday,2019,https://boxd.it/iF7M
2024-05-18,BlackBerry,2023,https://boxd.it/CoVK
2024-05-21,Upgraded,2024,https://boxd.it/ClSe
2024-05-21,Brooklyn,2015,https://boxd.it/5bdk
2024-05-27,A Simple Favor,2018,https://boxd.it/hq92
2024-05-28,Argylle,2024,https://boxd.it/w1kk
2024-05-30,Date Night,2010,https://boxd.it/2l5a
2024-06-01,Atlas,2024,https://boxd.it/mK2q
2024-06-01,"MoviePass, MovieCrash",2024,https://boxd.it/KH7K
2024-06-01,Furiosa: A Mad Max Saga,2024,https://boxd.it/tABk
2024-06-02,Mad Max: Fury Road,2015,https://boxd.it/2DjO
2024-06-03,The Fall Guy,2024,https://boxd.it/s0Bm
2024-06-10,The Nanny Diaries,2007,https://boxd.it/1RZM
2024-06-11,Bubble Boy,2001,https://boxd.it/1Y3U
2024-06-11,Everybody Wants Some!!,2016,https://boxd.it/9mgM
2024-06-13,Lost in Translation,2003,https://boxd.it/2b0E
2024-06-15,Animal House,1978,https://boxd.it/2062
2024-06-16,Fargo,1996,https://boxd.it/2aHM
2024-06-17,Mad Max,1979,https://boxd.it/1Y7i
2024-06-19,Inside Out,2015,https://boxd.it/4KHC
2024-06-21,Inside Out 2,2024,https://boxd.it/CFrC
2024-06-25,The Boys in the Boat,2023,https://boxd.it/v1OC
2024-07-01,Wanderlust,2012,https://boxd.it/D9q
2024-07-05,A Quiet Place: Day One,2024,https://boxd.it/sDAi
2024-07-08,Kinds of Kindness,2024,https://boxd.it/CWPw
2024-07-09,Leave the World Behind,2023,https://boxd.it/re0i
2024-07-11,Couples Retreat,2009,https://boxd.it/1EnU
2024-07-13,13 Going on 30,2004,https://boxd.it/1X6e
2024-07-13,Snowed Inn Christmas,2017,https://boxd.it/hJPw
2024-07-14,Get a Job,2016,https://boxd.it/5EQU
2024-07-27,American Sniper,2014,https://boxd.it/5LDy
2024-07-29,Paris 2024 Olympic Opening Ceremony,2024,https://boxd.it/O3ro
2024-08-02,Twisters,2024,https://boxd.it/qV7a
2024-08-09,Star Wars,1977,https://boxd.it/72s
2024-08-11,Longlegs,2024,https://boxd.it/KzLM
2024-08-17,Alien: Romulus,2024,https://boxd.it/zGqO
2024-08-20,Deadpool & Wolverine,2024,https://boxd.it/jq8s
2024-08-31,The Instigators,2024,https://boxd.it/E4jA
2024-09-17,Speak No Evil,2024,https://boxd.it/G9f8
2024-09-18,Blink Twice,2024,https://boxd.it/vIOg
2024-09-28,Megalopolis,2024,https://boxd.it/lPBS
2024-10-13,Untold: Sign Stealer,2024,https://boxd.it/OAaU
2024-10-17,Anora,2024,https://boxd.it/Egcw
2024-10-20,Scary Movie,2000,https://boxd.it/24CG
2024-10-26,Will & Harper,2024,https://boxd.it/K5eo
2024-10-27,Saturday Night,2024,https://boxd.it/Gpfo
2024-11-02,Trap,2024,https://boxd.it/D4nK
2024-11-07,A Real Pain,2024,https://boxd.it/CjNG
2024-11-08,Return of the Jedi,1983,https://boxd.it/27Vm
2024-11-13,We Live in Time,2024,https://boxd.it/FC5u
2024-11-17,My Old Ass,2024,https://boxd.it/zLP0
2024-11-19,A Family Affair,2024,https://boxd.it/Bj9O
2024-11-19,Christmas with the Kranks,2004,https://boxd.it/1PEW
2024-11-19,Rudolph the Red-Nosed Reindeer,1964,https://boxd.it/1Qis
2024-11-29,Moana 2,2024,https://boxd.it/LcjW
2024-12-02,Afraid,2024,https://boxd.it/Ec7s
2024-12-02,Focus,2015,https://boxd.it/7zl2
2024-12-12,Fly Me to the Moon,2024,https://boxd.it/A7Xg
2024-12-15,Requiem for the Big East,2014,https://boxd.it/7GEg
2024-12-16,Conclave,2024,https://boxd.it/AO8q
2024-12-18,Carry-On,2024,https://boxd.it/C0B2
2024-12-21,The Brutalist,2024,https://boxd.it/k4BO
2024-12-24,Red One,2024,https://boxd.it/vTBM
2024-12-24,Die Hard,1988,https://boxd.it/2a7u
2024-12-27,A Complete Unknown,2024,https://boxd.it/oBYa
2024-12-31,Caddo Lake,2024,https://boxd.it/wDSu
2025-01-01,Jack and Jill,2011,https://boxd.it/2pQu
2025-01-01,War Horse,2011,https://boxd.it/nf8
2025-01-01,Tooth Fairy,2010,https://boxd.it/1zKE
2025-01-01,The Lovely Bones,2009,https://boxd.it/20IA
2025-01-01,G-Force,2009,https://boxd.it/1ETc
2025-01-01,Year One,2009,https://boxd.it/1Ink
2025-01-01,Hotel for Dogs,2009,https://boxd.it/1MEa
2025-01-01,Gran Torino,2008,https://boxd.it/1Qzy
2025-01-01,Journey to the Center of the Earth,2008,https://boxd.it/38EI
2025-01-01,Semi-Pro,2008,https://boxd.it/1Qw0
2025-01-01,Meet the Robinsons,2007,https://boxd.it/28Ym
2025-01-01,Blades of Glory,2007,https://boxd.it/1Xrm
2025-01-01,Epic Movie,2007,https://boxd.it/1XSs
2025-01-01,Mr. Magorium's Wonder Emporium,2007,https://boxd.it/271o
2025-01-01,Jump In!,2007,https://boxd.it/1P16
2025-01-01,Balls of Fury,2007,https://boxd.it/1XTK
2025-01-01,Wendy Wu: Homecoming Warrior,2006,https://boxd.it/d32
2025-01-01,The Sixth Sense,1999,https://boxd.it/29Js
2025-01-01,Jackass: The Movie,2002,https://boxd.it/1Zo0
2025-01-03,Hit Man,2023,https://boxd.it/ANB2
2025-01-07,Se7en,1995,https://boxd.it/29zs
2025-01-08,Babygirl,2024,https://boxd.it/Fvai
2025-01-11,The Substance,2024,https://boxd.it/zanS
2025-01-12,Mission: Impossible II,2000,https://boxd.it/29cS
2025-01-13,Better Man,2024,https://boxd.it/u6t8
2025-01-13,Wicked,2024,https://boxd.it/e8ME
2025-01-18,It's What's Inside,2024,https://boxd.it/DOV4
2025-01-18,Untold: The Murder of Air McNair,2024,https://boxd.it/OAbS
2025-01-19,Wolf Man,2025,https://boxd.it/qzSI
2025-01-21,Untold: Crime & Penalties,2021,https://boxd.it/woAq
2025-01-22,Nickel Boys,2024,https://boxd.it/CStQ
2025-01-23,Talk to Me,2022,https://boxd.it/C6uQ
2025-01-24,A Lien,2023,https://boxd.it/Gk7Y
2025-01-25,I'm Not a Robot,2023,https://boxd.it/IGTE
2025-01-26,A Different Man,2024,https://boxd.it/BoEC
2025-02-01,Untold: Hope Solo vs. U.S. Soccer,2024,https://boxd.it/OAb4
2025-02-02,Shelter,2016,https://boxd.it/sHsC
2025-02-02,Don't Hug Me I'm Scared,2011,https://boxd.it/4afW
2025-02-04,Mulholland Drive,2001,https://boxd.it/297o
2025-02-13,When Harry Met Sally...,1989,https://boxd.it/29W2
2025-02-18,Moonstruck,1987,https://boxd.it/27zg
2025-02-18,The Wild Robot,2024,https://boxd.it/IWFy
2025-02-18,I'm Still Here,2024,https://boxd.it/BPEO
2025-02-19,Coach Carter,2005,https://boxd.it/218e
2025-02-25,Inception,2010,https://boxd.it/1skk
2025-03-03,Jojo Rabbit,2019,https://boxd.it/iEBG
2025-03-03,Emilia Pérez,2024,https://boxd.it/AP3G
2025-03-05,That Awkward Moment,2014,https://boxd.it/6Ftu
2025-03-08,I Care a Lot,2020,https://boxd.it/mcHk
2025-03-09,Mickey 17,2025,https://boxd.it/q1Dk
2025-03-09,Birdman or (The Unexpected Virtue of Ignorance),2014,https://boxd.it/5RFA
2025-03-13,Sallie Gardner at a Gallop,1878,https://boxd.it/5QQi
2025-03-16,Blitz,2024,https://boxd.it/xR8i
2025-03-16,"The French Dispatch of the Liberty, Kansas Evening Sun",2021,https://boxd.it/jLP8
2025-03-18,The Electric State,2025,https://boxd.it/tev0
2025-03-21,Bicentennial Man,1999,https://boxd.it/2722
2025-03-23,Adolescence,2025,https://boxd.it/TFGw
2025-03-23,Sing Sing,2023,https://boxd.it/HIBA
2025-03-27,Dear Evan Hansen,2021,https://boxd.it/kOP8
2025-03-27,Mission: Impossible III,2006,https://boxd.it/29cI
2025-03-28,Fast Times at Ridgemont High,1982,https://boxd.it/1QnM
2025-03-28,Mission: Impossible – Ghost Protocol,2011,https://boxd.it/psI
2025-04-02,Parasite,2019,https://boxd.it/hTha
2025-04-12,Full Metal Jacket,1987,https://boxd.it/2a1Q
2025-04-14,A Minecraft Movie,2025,https://boxd.it/zRro
2025-04-18,Warfare,2025,https://boxd.it/LbRo
2025-04-20,The Amateur,2025,https://boxd.it/F9NW
2025-04-23,Y2K,2024,https://boxd.it/FnHI
2025-04-29,Sinners,2025,https://boxd.it/KQMM
2025-05-04,Another Simple Favor,2025,https://boxd.it/AO6k
2025-05-04,Daughters of the Dust,1991,https://boxd.it/2dkw
2025-05-09,Thunderbolts*,2025,https://boxd.it/BfbQ
2025-05-15,Mission: Impossible – Rogue Nation,2015,https://boxd.it/5rI4
2025-05-18,Friendship,2024,https://boxd.it/L6Dc
2025-05-29,Mission: Impossible – Fallout,2018,https://boxd.it/bSVc
2025-05-30,Mission: Impossible – Dead Reckoning,2023,https://boxd.it/l7zS
2025-05-30,Mission: Impossible – The Final Reckoning,2025,https://boxd.it/l7A2
2025-06-01,Bride Wars,2009,https://boxd.it/1W3I
2025-06-09,Lilo & Stitch,2025,https://boxd.it/kbUe
2025-06-16,The Phoenician Scheme,2025,https://boxd.it/H0Ca
2025-06-24,F1,2025,https://boxd.it/yjVM
2025-07-10,Inherent Vice,2014,https://boxd.it/5hla
2025-07-12,Juror #2,2024,https://boxd.it/FRwU
2025-07-13,10 Things I Hate About You,1999,https://boxd.it/23AO
2025-07-14,Superman,2025,https://boxd.it/E9IU
2025-07-19,Eddington,2025,https://boxd.it/o6MC
2025-07-26,Kingsman: The Golden Circle,2017,https://boxd.it/buJm
2025-07-27,Oddity,2024,https://boxd.it/K9pg
2025-07-27,The Fantastic 4: First Steps,2025,https://boxd.it/mP6C
2025-08-09,Happy Gilmore 2,2025,https://boxd.it/M8PQ
2025-08-09,Together,2025,https://boxd.it/LdFE
2025-08-10,Barbarian,2022,https://boxd.it/yohi
2025-08-10,Weapons,2025,https://boxd.it/EMTM
2025-08-11,Captain America: Brave New World,2025,https://boxd.it/uYDm
2025-08-15,Red Eye,2005,https://boxd.it/1TNy
2025-08-17,White Men Can't Jump,2023,https://boxd.it/yEMG
2025-08-18,The Naked Gun,2025,https://boxd.it/Da9k
2025-08-24,Freakier Friday,2025,https://boxd.it/GxwW
2025-08-24,Lurker,2025,https://boxd.it/McHG
2025-08-25,The Prestige,2006,https://boxd.it/293w
2025-08-25,Spring Breakers,2012,https://boxd.it/421s
2025-08-28,The Roses,2025,https://boxd.it/MjnI
2025-09-29,One Battle After Another,2025,https://boxd.it/DUHM
2025-10-04,The Smashing Machine,2025,https://boxd.it/syUC
2025-10-10,Temple Grandin,2010,https://boxd.it/1fbu
2025-10-24,The Lighthouse,2019,https://boxd.it/icFU
2025-11-09,Nuremberg,2025,https://boxd.it/K6qU
2025-11-09,Nazi Concentration Camps,1945,https://boxd.it/6doG
2025-11-10,Materialists,2025,https://boxd.it/GZlW
2025-11-12,Stranger Than Fiction,2006,https://boxd.it/28Za
2025-11-12,"Say Hey, Willie Mays!",2022,https://boxd.it/CXne
2025-11-13,Beautiful Boy,2018,https://boxd.it/g76Q
2025-11-14,The Twilight Saga: Breaking Dawn – Part 2,2012,https://boxd.it/DdC
2025-11-14,The Running Man,2025,https://boxd.it/u36A
2025-11-14,11.22.63,2016,https://boxd.it/bFV4
2025-11-16,No Sleep 'Til Christmas,2018,https://boxd.it/k5Ki
2025-11-17,Hamnet,2025,https://boxd.it/woVy
2025-11-17,Meet Me Next Christmas,2024,https://boxd.it/FMjG
2025-11-27,A Charlie Brown Thanksgiving,1973,https://boxd.it/1Q5I
2025-11-27,Eight Below,2006,https://boxd.it/1Zki
2025-11-27,Frankenstein,2025,https://boxd.it/Ecsg
2025-12-01,Holmes & Watson,2018,https://boxd.it/f6tM
2025-12-01,Playdate,2025,https://boxd.it/LvYO
2025-12-02,Champagne Problems,2025,https://boxd.it/OwgO
2025-12-03,Write Before Christmas,2019,https://boxd.it/nc9Y
2025-12-04,A Hard Day's Night,1964,https://boxd.it/29LS
2025-12-08,Falling for Christmas,2022,https://boxd.it/vpEG
2025-12-21,Avatar: Fire and Ash,2025,https://boxd.it/2W7s
2025-12-23,Marty Supreme,2025,https://boxd.it/Off0
2025-12-25,"Definitely, Maybe",2008,https://boxd.it/20eU
2025-12-29,Jay Kelly,2025,https://boxd.it/EsWw
2025-12-31,Wake Up Dead Man,2025,https://boxd.it/uAKS
2026-01-02,The Mauritanian,2021,https://boxd.it/nWiM
2026-01-04,Is This Thing On?,2025,https://boxd.it/H73Q
2026-01-08,DAHMER - Monster: The Jeffrey Dahmer Story,2022,https://boxd.it/CRG0
2026-01-14,No Other Choice,2025,https://boxd.it/nKiA
2026-01-17,Bugonia,2025,https://boxd.it/qeWY
2026-01-19,The Secret Agent,2025,https://boxd.it/KkUE
2026-01-21,All Her Fault,2025,https://boxd.it/YTd4
2026-01-22,Punch-Drunk Love,2002,https://boxd.it/20E4
2026-01-24,Train Dreams,2025,https://boxd.it/LdDo
2026-01-25,The Act,2019,https://boxd.it/npHE
2026-01-26,Skyscraper Live,2026,https://boxd.it/ZAcy
2026-01-26,Black Phone 2,2025,https://boxd.it/JpbW
2026-01-27,Free Solo,2018,https://boxd.it/iEEq
2026-01-30,The Rip,2026,https://boxd.it/NP5y
2026-02-01,The Perfect Neighbor,2025,https://boxd.it/RSG6
2026-02-01,Send Help,2026,https://boxd.it/JuhA
2026-02-01,Memento,2000,https://boxd.it/2bcK
2026-02-02,Jurassic World,2015,https://boxd.it/4n0g
2026-02-02,Jurassic World Rebirth,2025,https://boxd.it/KUeE
