Date,Content
2020-02-24,https://boxd.it/10az41
2020-03-15,https://boxd.it/11Jq9l
2020-06-09,https://boxd.it/13K5W7
2020-10-25,https://boxd.it/B9qrX
2020-10-31,https://boxd.it/RAkBF
2020-12-05,https://boxd.it/1ueUHr
2022-02-04,https://boxd.it/2xXYsF
2022-03-12,https://boxd.it/2Edea7
2022-04-17,https://boxd.it/2K9h7B
2022-04-29,https://boxd.it/1lmlnL
2022-06-27,https://boxd.it/2XQfX9
2022-06-27,https://boxd.it/2SNzLr
2022-07-06,https://boxd.it/2ZpdfX
2022-07-06,https://boxd.it/2Z1C1D
2022-07-18,https://boxd.it/31FeS7
2022-07-18,https://boxd.it/31uRrn
2022-07-25,https://boxd.it/f6QeB
2022-07-26,https://boxd.it/33zCxN
2022-07-27,https://boxd.it/33faLx
2022-08-08,https://boxd.it/36ECJV
2022-08-15,https://boxd.it/2XCSep
2022-08-17,https://boxd.it/dDY85
2022-08-17,https://boxd.it/38D54h
2022-08-29,https://boxd.it/38UAaz
2022-08-29,https://boxd.it/3aS9xl
2022-09-06,https://boxd.it/3ck3VL
2022-09-26,https://boxd.it/3g25MB
2022-09-26,https://boxd.it/3fOVIN
2022-09-30,https://boxd.it/3gHYLv
2022-10-01,https://boxd.it/3h4aTv
2022-10-02,https://boxd.it/3hgWLj
2022-10-05,https://boxd.it/3frOmJ
2022-10-10,https://boxd.it/3iHe3b
2022-10-20,https://boxd.it/3la72V
2022-12-22,https://boxd.it/3ywP2r
2022-12-31,https://boxd.it/3BkgnR
2023-01-03,https://boxd.it/3DkqHZ
2023-01-03,https://boxd.it/3AieIl
2023-05-10,https://boxd.it/4b9LoD
2023-05-17,https://boxd.it/4d1Cfp
2023-05-17,https://boxd.it/4ezTLf
2023-05-17,https://boxd.it/4fRb9r
2023-07-23,https://boxd.it/4xNvNl
2023-07-30,https://boxd.it/4yeoBV
2023-09-06,https://boxd.it/4L8Vvr
2023-10-02,https://boxd.it/4UWOqb
2023-10-13,https://boxd.it/4YXIbd
2023-11-09,https://boxd.it/583mnT
2023-11-10,https://boxd.it/1xIVVr
2023-11-29,https://boxd.it/5bDWdJ
2023-12-01,https://boxd.it/5eELI1
2023-12-05,https://boxd.it/5dROfD
2023-12-09,https://boxd.it/5hZii3
2023-12-13,https://boxd.it/5j3fZP
2023-12-15,https://boxd.it/5jHWdp
2023-12-21,https://boxd.it/5mdBoN
2023-12-25,https://boxd.it/5nYkRV
2023-12-26,https://boxd.it/5owjU3
2023-12-28,https://boxd.it/5prEcZ
2023-12-29,https://boxd.it/5puYwr
2023-12-29,https://boxd.it/3lgTOP
2023-12-29,https://boxd.it/1wN8mX
2024-01-03,https://boxd.it/5tr88x
2024-01-07,https://boxd.it/5vKhf9
2024-01-07,https://boxd.it/5vFmJX
2024-01-10,https://boxd.it/5yac7T
2024-01-11,https://boxd.it/5ywOP9
2024-01-11,https://boxd.it/5ydSvz
2024-01-11,https://boxd.it/5fB41L
2024-01-11,https://boxd.it/5i8vFx
2024-01-11,https://boxd.it/5yD3ll
2024-01-12,https://boxd.it/5yVyNL
2024-01-12,https://boxd.it/5zdM71
2024-01-14,https://boxd.it/5A3i09
2024-01-16,https://boxd.it/5BERAf
2024-01-17,https://boxd.it/4ygERJ
2024-01-17,https://boxd.it/5C7xrZ
2024-01-17,https://boxd.it/5C4Uqp
2024-01-17,https://boxd.it/2Xq4rz
2024-01-23,https://boxd.it/5EOZRP
2024-01-23,https://boxd.it/5EAQit
2024-01-24,https://boxd.it/5FEhNt
2024-01-29,https://boxd.it/4Qxgvv
2024-01-30,https://boxd.it/5IiGrv
2024-01-30,https://boxd.it/5IG3Mx
2024-01-31,https://boxd.it/5IL9fJ
2024-01-31,https://boxd.it/5J1txb
2024-02-02,https://boxd.it/5JzpKD
2024-02-02,https://boxd.it/4NTBb9
2024-02-02,https://boxd.it/4Lsaet
2024-02-02,https://boxd.it/4NxSIZ
2024-02-03,https://boxd.it/5K11Ul
2024-02-04,https://boxd.it/5Kx1Fz
2024-02-07,https://boxd.it/5LZNb3
2024-02-07,https://boxd.it/5MaSa7
2024-02-09,https://boxd.it/5MEnxT
2024-02-12,https://boxd.it/5O4Rmn
2024-02-15,https://boxd.it/5P32W7
2024-02-19,https://boxd.it/5Rmrf9
2024-02-23,https://boxd.it/5TmcLd
2024-02-27,https://boxd.it/5VbgwH
2024-02-28,https://boxd.it/1wb3R1
2024-02-28,https://boxd.it/1woUOv
2024-02-28,https://boxd.it/1kzSlZ
2024-02-28,https://boxd.it/5VZSI7
2024-02-29,https://boxd.it/5VXa7H
2024-02-29,https://boxd.it/5TX2fZ
2024-03-01,https://boxd.it/5Nd3vt
2024-03-01,https://boxd.it/5PAsfT
2024-03-04,https://boxd.it/5XSRZl
2024-03-04,https://boxd.it/5YecXH
2024-03-05,https://boxd.it/5YsE73
2024-03-06,https://boxd.it/5PmVWf
2024-03-06,https://boxd.it/5P6SrB
2024-03-09,https://boxd.it/605VVh
2024-03-09,https://boxd.it/5NkSPt
2024-03-09,https://boxd.it/5iFEqd
2024-03-09,https://boxd.it/5lfaDh
2024-03-10,https://boxd.it/5F0qdT
2024-03-12,https://boxd.it/61SN1R
2024-03-15,https://boxd.it/636wSr
2024-03-15,https://boxd.it/63lIaB
2024-03-15,https://boxd.it/63i5ZT
2024-03-16,https://boxd.it/63xi21
2024-03-20,https://boxd.it/65mDkV
2024-03-20,https://boxd.it/2e1MdL
2024-03-20,https://boxd.it/2eaGWD
2024-03-20,https://boxd.it/2i2XYB
2024-03-21,https://boxd.it/5SLoij
2024-03-21,https://boxd.it/5V5CEB
2024-03-21,https://boxd.it/5Vk9N5
2024-03-21,https://boxd.it/5Te33v
2024-03-21,https://boxd.it/5YLkM9
2024-03-22,https://boxd.it/62A1o7
2024-03-22,https://boxd.it/62jMV9
2024-03-22,https://boxd.it/62iJgv
2024-03-22,https://boxd.it/66pFxx
2024-03-23,https://boxd.it/4eBmtB
2024-03-23,https://boxd.it/5a2kZH
2024-03-28,https://boxd.it/694Htn
2024-04-01,https://boxd.it/6bv101
2024-04-03,https://boxd.it/6bYoCl
2024-04-04,https://boxd.it/4lspZb
2024-04-09,https://boxd.it/6eGg2Z
2024-04-09,https://boxd.it/6eSniT
2024-04-10,https://boxd.it/69cH0L
2024-04-10,https://boxd.it/69OeTj
2024-04-11,https://boxd.it/68Z0UZ
2024-04-11,https://boxd.it/68IeiB
2024-04-12,https://boxd.it/6fpUC9
2024-04-12,https://boxd.it/6g9W75
2024-04-14,https://boxd.it/6gHXTH
2024-04-15,https://boxd.it/6h4SbB
2024-04-15,https://boxd.it/6gZ31Z
2024-04-15,https://boxd.it/6gYIlp
2024-04-15,https://boxd.it/6g2fTr
2024-04-15,https://boxd.it/6f4piv
2024-04-16,https://boxd.it/6huRLb
2024-04-16,https://boxd.it/2664P5
2024-04-16,https://boxd.it/6hFfEN
2024-04-17,https://boxd.it/6hSV9t
2024-04-17,https://boxd.it/6hQxzj
2024-04-18,https://boxd.it/6ifhzH
2024-04-18,https://boxd.it/6ifN9r
2024-04-20,https://boxd.it/6iVDrz
2024-04-20,https://boxd.it/3bYy6v
2024-04-21,https://boxd.it/6ilgrf
2024-04-22,https://boxd.it/6jsUeD
2024-04-22,https://boxd.it/6dc1LB
2024-04-22,https://boxd.it/6deO1L
2024-04-22,https://boxd.it/6aLuBN
2024-04-22,https://boxd.it/62fN0v
2024-04-22,https://boxd.it/6cvzVJ
2024-04-23,https://boxd.it/1PoxFV
2024-04-24,https://boxd.it/6kTevZ
2024-04-29,https://boxd.it/6kgW8x
2024-04-29,https://boxd.it/6go9Qv
2024-04-29,https://boxd.it/6kzkK7
2024-04-29,https://boxd.it/6lvR2j
2024-04-30,https://boxd.it/6n3bK1
2024-05-02,https://boxd.it/6oaDjv
2024-05-02,https://boxd.it/6ocH6p
2024-05-05,https://boxd.it/16ey6H
2024-05-05,https://boxd.it/6phC1j
2024-05-07,https://boxd.it/6qaIar
2024-05-07,https://boxd.it/6q7s5z
2024-05-07,https://boxd.it/gCdix
2024-05-09,https://boxd.it/6r3yNX
2024-05-09,https://boxd.it/6r3gid
2024-05-09,https://boxd.it/6r71TB
2024-05-09,https://boxd.it/4O5zmX
2024-05-12,https://boxd.it/6s06Hv
2024-05-14,https://boxd.it/6rmLs7
2024-05-14,https://boxd.it/56DXIj
2024-05-14,https://boxd.it/4NFCJt
2024-05-14,https://boxd.it/6tc16R
2024-05-15,https://boxd.it/6tFptj
2024-05-16,https://boxd.it/6iARvD
2024-05-16,https://boxd.it/6og0iv
2024-05-16,https://boxd.it/6u36OZ
2024-05-17,https://boxd.it/6ujrQp
2024-05-17,https://boxd.it/6rfdKR
2024-05-17,https://boxd.it/6rx0RV
2024-05-17,https://boxd.it/6qPVAf
2024-05-18,https://boxd.it/1m6bAR
2024-05-18,https://boxd.it/4iPiKx
2024-05-18,https://boxd.it/6uBAmz
2024-05-19,https://boxd.it/6uRBiP
2024-05-19,https://boxd.it/3Viza9
2024-05-19,https://boxd.it/6v32TF
2024-05-21,https://boxd.it/5MN6CF
2024-05-21,https://boxd.it/5Na0eX
2024-05-21,https://boxd.it/5NAwdz
2024-05-21,https://boxd.it/5Nummp
2024-05-21,https://boxd.it/5OJuXd
2024-05-21,https://boxd.it/6vVpLH
2024-05-21,https://boxd.it/6vXiqL
2024-05-22,https://boxd.it/6wbRlp
2024-05-22,https://boxd.it/6w1881
2024-05-23,https://boxd.it/6wCgd3
2024-05-23,https://boxd.it/1Qr4UR
2024-05-23,https://boxd.it/VDkEL
2024-05-24,https://boxd.it/6x8jR5
2024-05-24,https://boxd.it/6wWrfT
2024-05-26,https://boxd.it/6xjPPH
2024-05-28,https://boxd.it/5Ji2Xl
2024-06-01,https://boxd.it/6AogRP
2024-06-01,https://boxd.it/6Asf2z
2024-06-01,https://boxd.it/6y9ZtP
2024-06-01,https://boxd.it/6onVlF
2024-06-01,https://boxd.it/6x42Mp
2024-06-01,https://boxd.it/6xa1tj
2024-06-03,https://boxd.it/6BeqNH
2024-06-03,https://boxd.it/6Bg1kf
2024-06-03,https://boxd.it/6BlJPh
2024-06-03,https://boxd.it/632OA3
2024-06-04,https://boxd.it/6BFSz3
2024-06-06,https://boxd.it/6CoMoj
2024-06-06,https://boxd.it/6Cm96L
2024-06-06,https://boxd.it/6CyCsP
2024-06-07,https://boxd.it/6CWTyD
2024-06-07,https://boxd.it/6CYEQh
2024-06-08,https://boxd.it/6DkuOT
2024-06-10,https://boxd.it/IsdjH
2024-06-10,https://boxd.it/1IBkfD
2024-06-10,https://boxd.it/1JX55V
2024-06-10,https://boxd.it/Iifkd
2024-06-11,https://boxd.it/2uQw5d
2024-06-11,https://boxd.it/9ddJP
2024-06-11,https://boxd.it/6ECjcp
2024-06-12,https://boxd.it/6DwYjv
2024-06-13,https://boxd.it/6F4zKt
2024-06-13,https://boxd.it/2PKeN
2024-06-15,https://boxd.it/6FROOt
2024-06-15,https://boxd.it/6FKEDr
2024-06-15,https://boxd.it/6FKvv9
2024-06-16,https://boxd.it/5rs9Lf
2024-06-18,https://boxd.it/4zumln
2024-06-19,https://boxd.it/1grfDX
2024-06-19,https://boxd.it/38DKyH
2024-06-20,https://boxd.it/6I45fH
2024-06-20,https://boxd.it/6GrNYp
2024-06-20,https://boxd.it/6FUOTz
2024-06-23,https://boxd.it/6INCdz
2024-06-23,https://boxd.it/6J3x7t
2024-06-25,https://boxd.it/5jp79v
2024-06-25,https://boxd.it/6JXYvJ
2024-06-25,https://boxd.it/5pRH3j
2024-06-25,https://boxd.it/5jFkj1
2024-06-25,https://boxd.it/5jr8GJ
2024-06-30,https://boxd.it/6LV2Z1
2024-07-02,https://boxd.it/6MGhUT
2024-07-03,https://boxd.it/6MTwFv
2024-07-08,https://boxd.it/6MoZ5p
2024-07-09,https://boxd.it/5hXi8D
2024-07-11,https://boxd.it/6QsrFx
2024-07-14,https://boxd.it/6RawQt
2024-07-15,https://boxd.it/6SvoYZ
2024-07-16,https://boxd.it/6SWDOT
2024-07-16,https://boxd.it/6SOXgL
2024-07-17,https://boxd.it/6SOTWX
2024-07-17,https://boxd.it/6SOUiz
2024-07-17,https://boxd.it/6SOUGV
2024-07-19,https://boxd.it/6TYPcb
2024-07-19,https://boxd.it/6TJ0at
2024-07-19,https://boxd.it/6TAOZN
2024-07-20,https://boxd.it/6UslwZ
2024-07-21,https://boxd.it/6V9YzJ
2024-07-24,https://boxd.it/6VQXQ1
2024-07-25,https://boxd.it/6WWZY3
2024-07-25,https://boxd.it/6VZvDr
2024-07-29,https://boxd.it/6YCwUf
2024-07-31,https://boxd.it/6ZREpD
2024-07-31,https://boxd.it/6Z9VZv
2024-08-02,https://boxd.it/70jqYF
2024-08-02,https://boxd.it/6ZTRuF
2024-08-02,https://boxd.it/6UOfbl
2024-08-02,https://boxd.it/6YXRJf
2024-08-05,https://boxd.it/71CRYp
2024-08-09,https://boxd.it/73GBhv
2024-08-10,https://boxd.it/73U5ab
2024-08-11,https://boxd.it/6RIWqT
2024-08-11,https://boxd.it/6RRrdd
2024-08-12,https://boxd.it/74JldH
2024-08-12,https://boxd.it/6Q27pR
2024-08-13,https://boxd.it/758eyX
2024-08-13,https://boxd.it/74UtSZ
2024-08-13,https://boxd.it/75ESen
2024-08-13,https://boxd.it/75EPM7
2024-08-15,https://boxd.it/75YGSl
2024-08-17,https://boxd.it/7739hZ
2024-08-19,https://boxd.it/78leXV
2024-08-19,https://boxd.it/77PSvN
2024-08-20,https://boxd.it/753cTJ
2024-08-20,https://boxd.it/6YjqER
2024-08-20,https://boxd.it/78NDJ1
2024-08-20,https://boxd.it/6WE49B
2024-08-20,https://boxd.it/6XDrsX
2024-08-20,https://boxd.it/6Y7GnX
2024-08-20,https://boxd.it/78ar8J
2024-08-21,https://boxd.it/79maEr
2024-08-23,https://boxd.it/79RQKt
2024-08-24,https://boxd.it/7a8vX1
2024-08-25,https://boxd.it/7aq1xX
2024-08-26,https://boxd.it/7b8eUN
2024-08-26,https://boxd.it/7bqjVR
2024-08-28,https://boxd.it/7chbAd
2024-08-28,https://boxd.it/7copZv
2024-08-30,https://boxd.it/7cYNdd
2024-08-31,https://boxd.it/7dnlg9
2024-08-31,https://boxd.it/7dlTfP
2024-09-02,https://boxd.it/7e4jwl
2024-09-04,https://boxd.it/7fymcH
2024-09-09,https://boxd.it/7hFSJ1
2024-09-10,https://boxd.it/7i0Zlx
2024-09-10,https://boxd.it/7i87aL
2024-09-12,https://boxd.it/7iZUU5
2024-09-13,https://boxd.it/7jEXHb
2024-09-18,https://boxd.it/7m2D5R
2024-09-18,https://boxd.it/7lPTwt
2024-09-19,https://boxd.it/79EYa3
2024-09-19,https://boxd.it/7aqcbD
2024-09-20,https://boxd.it/7mqD5l
2024-09-21,https://boxd.it/7mMuDx
2024-09-22,https://boxd.it/7mY34z
2024-09-22,https://boxd.it/7nt0CZ
2024-09-23,https://boxd.it/7nGyAp
2024-09-25,https://boxd.it/7orA7X
2024-09-25,https://boxd.it/7p4UZD
2024-09-26,https://boxd.it/7pnYlb
2024-09-26,https://boxd.it/7pqMIt
2024-09-28,https://boxd.it/7pZMmR
2024-09-28,https://boxd.it/7pSfp5
2024-09-28,https://boxd.it/7q0ldZ
2024-09-28,https://boxd.it/6ubDVF
2024-09-28,https://boxd.it/7oJ7fz
2024-09-28,https://boxd.it/76AV97
2024-09-28,https://boxd.it/6ugxzX
2024-09-28,https://boxd.it/6uABbl
2024-09-28,https://boxd.it/7pOry1
2024-09-28,https://boxd.it/7oJ3EP
2024-09-28,https://boxd.it/6upOAB
2024-09-28,https://boxd.it/7oIr3h
2024-09-28,https://boxd.it/7oIvz7
2024-09-30,https://boxd.it/7qrath
2024-09-30,https://boxd.it/7r4Qkp
2024-10-02,https://boxd.it/7rV6Ad
2024-10-03,https://boxd.it/7s60nT
2024-10-03,https://boxd.it/7s4W7b
2024-10-04,https://boxd.it/7sBtB3
2024-10-05,https://boxd.it/7sMPz1
2024-10-07,https://boxd.it/7u2g07
2024-10-08,https://boxd.it/7uAiEr
2024-10-10,https://boxd.it/7vCc4Z
2024-10-16,https://boxd.it/7rSLx9
2024-10-17,https://boxd.it/7z6t2N
2024-10-17,https://boxd.it/6waXOZ
2024-10-18,https://boxd.it/7z4NG5
2024-10-19,https://boxd.it/7zTDTF
2024-10-19,https://boxd.it/7A8FKZ
2024-10-19,https://boxd.it/7A0jit
2024-10-20,https://boxd.it/7AwfOT
2024-10-20,https://boxd.it/7At8l5
2024-10-20,https://boxd.it/7ApFkh
2024-10-20,https://boxd.it/7B17qh
2024-10-21,https://boxd.it/7Bihtz
2024-10-21,https://boxd.it/7AZb2f
2024-10-21,https://boxd.it/7zwXoB
2024-10-21,https://boxd.it/7BzW7D
2024-10-21,https://boxd.it/7BFaib
2024-10-21,https://boxd.it/7BFbIp
2024-10-21,https://boxd.it/7BI55d
2024-10-22,https://boxd.it/7BLbXr
2024-10-22,https://boxd.it/7BL9qv
2024-10-22,https://boxd.it/7BL5Pr
2024-10-23,https://boxd.it/7Cf1Gl
2024-10-23,https://boxd.it/7Ce3Kx
2024-10-26,https://boxd.it/7DWqzf
2024-10-27,https://boxd.it/7E6qgH
2024-10-27,https://boxd.it/7EkiOT
2024-10-27,https://boxd.it/7EpBqr
2024-10-27,https://boxd.it/7z5MJz
2024-10-27,https://boxd.it/7Ex56F
2024-10-28,https://boxd.it/7EEwBT
2024-10-28,https://boxd.it/7ESlVL
2024-10-28,https://boxd.it/7B9RGL
2024-10-28,https://boxd.it/7ecRfJ
2024-10-28,https://boxd.it/7p6SZv
2024-10-28,https://boxd.it/7F0XYJ
2024-10-30,https://boxd.it/7FO6p7
2024-10-30,https://boxd.it/7G4Nmn
2024-11-02,https://boxd.it/7Hvtfz
2024-11-03,https://boxd.it/7HTGnJ
2024-11-03,https://boxd.it/7HTGmL
2024-11-04,https://boxd.it/7IM9V9
2024-11-07,https://boxd.it/7KcA2B
2024-11-07,https://boxd.it/7KiDZj
2024-11-07,https://boxd.it/7K3cNZ
2024-11-08,https://boxd.it/7xPpD3
2024-11-09,https://boxd.it/7L3IQl
2024-11-09,https://boxd.it/7L3ov3
2024-11-09,https://boxd.it/7L32ud
2024-11-11,https://boxd.it/7LTAJl
2024-11-11,https://boxd.it/7LSKV5
2024-11-11,https://boxd.it/7LLmPX
2024-11-11,https://boxd.it/7LFnk5
2024-11-12,https://boxd.it/7MuSJx
2024-11-12,https://boxd.it/7MuADL
2024-11-13,https://boxd.it/7u0BPB
2024-11-13,https://boxd.it/7zZ5t1
2024-11-14,https://boxd.it/7Npwlx
2024-11-14,https://boxd.it/7NVDo3
2024-11-14,https://boxd.it/7NVUez
2024-11-15,https://boxd.it/7NWQmV
2024-11-16,https://boxd.it/7OlFYp
2024-11-17,https://boxd.it/7OQVRL
2024-11-18,https://boxd.it/7PVhiP
2024-11-18,https://boxd.it/7PM3Dr
2024-11-19,https://boxd.it/7PrDOj
2024-11-19,https://boxd.it/7Q4bzD
2024-11-19,https://boxd.it/7Q3WPL
2024-11-19,https://boxd.it/6LoMS5
2024-11-20,https://boxd.it/7Qy4EB
2024-11-20,https://boxd.it/7QwW5L
2024-11-20,https://boxd.it/7Q4Ncd
2024-11-20,https://boxd.it/7Q8jQl
2024-11-23,https://boxd.it/7RKob3
2024-11-23,https://boxd.it/7Sh8qd
2024-11-23,https://boxd.it/7S9CwJ
2024-11-24,https://boxd.it/7SDH7J
2024-11-24,https://boxd.it/7Sy0Id
2024-11-25,https://boxd.it/7SG3kT
2024-11-26,https://boxd.it/7TBAyN
2024-11-26,https://boxd.it/7TBet7
2024-11-29,https://boxd.it/7V02Ap
2024-11-29,https://boxd.it/7USQUX
2024-11-29,https://boxd.it/7Uynsl
2024-11-29,https://boxd.it/7U7zSB
2024-11-29,https://boxd.it/7U1SHF
2024-11-29,https://boxd.it/7Vk4q7
2024-11-30,https://boxd.it/7VEnGj
2024-11-30,https://boxd.it/7VvlOn
2024-12-01,https://boxd.it/7W1HlL
2024-12-01,https://boxd.it/7VGxm3
2024-12-02,https://boxd.it/7WwSMv
2024-12-04,https://boxd.it/7XZ4JD
2024-12-04,https://boxd.it/7Xxrwh
2024-12-05,https://boxd.it/7Y6j8B
2024-12-05,https://boxd.it/7vCrEX
2024-12-06,https://boxd.it/7YuJzV
2024-12-06,https://boxd.it/7Yt4DF
2024-12-07,https://boxd.it/7YXObx
2024-12-07,https://boxd.it/7YU2tH
2024-12-10,https://boxd.it/811QK1
2024-12-10,https://boxd.it/811bIX
2024-12-10,https://boxd.it/80BHlJ
2024-12-11,https://boxd.it/81eQtv
2024-12-12,https://boxd.it/6R80HZ
2024-12-13,https://boxd.it/821QLH
2024-12-15,https://boxd.it/82YyeD
2024-12-16,https://boxd.it/7JOtDR
2024-12-16,https://boxd.it/7wld3D
2024-12-16,https://boxd.it/7D5rvx
2024-12-16,https://boxd.it/7DEyxF
2024-12-16,https://boxd.it/7w3eMN
2024-12-17,https://boxd.it/83wfif
2024-12-18,https://boxd.it/84KADP
2024-12-18,https://boxd.it/84W8Bv
2024-12-18,https://boxd.it/850u1x
2024-12-18,https://boxd.it/832WkD
2024-12-18,https://boxd.it/82wFw9
2024-12-19,https://boxd.it/81uj7N
2024-12-20,https://boxd.it/85I24r
2024-12-20,https://boxd.it/85Ifhj
2024-12-21,https://boxd.it/86JQNn
2024-12-21,https://boxd.it/7eLkLH
2024-12-21,https://boxd.it/86SXgj
2024-12-26,https://boxd.it/89F7nt
2024-12-26,https://boxd.it/898FAb
2024-12-26,https://boxd.it/88ZlKR
2024-12-27,https://boxd.it/8asmDJ
2024-12-27,https://boxd.it/8aUOXt
2024-12-27,https://boxd.it/8bbAWl
2024-12-27,https://boxd.it/82VKIT
2024-12-27,https://boxd.it/89pQFP
2024-12-27,https://boxd.it/8alZKv
2024-12-27,https://boxd.it/81hiH5
2024-12-27,https://boxd.it/8bmADv
2024-12-27,https://boxd.it/89jT5t
2024-12-27,https://boxd.it/87XkzF
2024-12-29,https://boxd.it/8cXN05
2024-12-29,https://boxd.it/8cBCcv
2024-12-29,https://boxd.it/8cXRzX
2024-12-30,https://boxd.it/8dbN5H
2024-12-31,https://boxd.it/8ezNvn
2024-12-31,https://boxd.it/8ezJEb
2024-12-31,https://boxd.it/8bJQwL
2024-12-31,https://boxd.it/7ZsHrl
2024-12-31,https://boxd.it/8eQeov
2024-12-31,https://boxd.it/7yrRzT
2025-01-01,https://boxd.it/8f7yGN
2025-01-01,https://boxd.it/7w6Z0n
2025-01-01,https://boxd.it/7wuq5v
2025-01-01,https://boxd.it/7w6Ngt
2025-01-01,https://boxd.it/50Haur
2025-01-02,https://boxd.it/8gemuN
2025-01-03,https://boxd.it/8gVGOp
2025-01-03,https://boxd.it/8gSX9n
2025-01-03,https://boxd.it/8gkxh3
2025-01-03,https://boxd.it/7jvEvR
2025-01-03,https://boxd.it/6Kbp89
2025-01-03,https://boxd.it/6EFnZ7
2025-01-03,https://boxd.it/6DSIEL
2025-01-03,https://boxd.it/6AORJv
2025-01-03,https://boxd.it/5Fd8Wn
2025-01-03,https://boxd.it/8hybzr
2025-01-03,https://boxd.it/8hsJRH
2025-01-03,https://boxd.it/8hgpDV
2025-01-03,https://boxd.it/8gXmHR
2025-01-03,https://boxd.it/8gXz0B
2025-01-04,https://boxd.it/8hZOjB
2025-01-04,https://boxd.it/8ioMnV
2025-01-04,https://boxd.it/8ioQcR
2025-01-05,https://boxd.it/8j2PEF
2025-01-05,https://boxd.it/8jY8AL
2025-01-05,https://boxd.it/1cD0qR
2025-01-06,https://boxd.it/8k9qGJ
2025-01-06,https://boxd.it/8kLU8X
2025-01-07,https://boxd.it/8lFGST
2025-01-07,https://boxd.it/8lUpjd
2025-01-07,https://boxd.it/8lUeZx
2025-01-07,https://boxd.it/8lU9Nh
2025-01-07,https://boxd.it/8m7cu9
2025-01-08,https://boxd.it/62A3Pf
2025-01-08,https://boxd.it/1iiNqt
2025-01-08,https://boxd.it/8kcrNn
2025-01-08,https://boxd.it/1ccYnf
2025-01-08,https://boxd.it/E5vdl
2025-01-08,https://boxd.it/8fFG4Z
2025-01-09,https://boxd.it/8n31Y9
2025-01-09,https://boxd.it/8njcO7
2025-01-09,https://boxd.it/8nGHi3
2025-01-11,https://boxd.it/8p7Ga1
2025-01-11,https://boxd.it/8plABt
2025-01-11,https://boxd.it/8pyQwZ
2025-01-11,https://boxd.it/8pPYTB
2025-01-11,https://boxd.it/8pW2Av
2025-01-11,https://boxd.it/8lTZpz
2025-01-11,https://boxd.it/7PWa99
2025-01-11,https://boxd.it/7MM43d
2025-01-11,https://boxd.it/7H2sjd
2025-01-11,https://boxd.it/7KrVD9
2025-01-11,https://boxd.it/7MyecL
2025-01-12,https://boxd.it/8qRBZJ
2025-01-13,https://boxd.it/8rW3yt
2025-01-13,https://boxd.it/7iIXy3
2025-01-13,https://boxd.it/8cLFKF
2025-01-13,https://boxd.it/8mPE97
2025-01-13,https://boxd.it/7yFk8j
2025-01-13,https://boxd.it/7sjMC9
2025-01-13,https://boxd.it/8sllLP
2025-01-13,https://boxd.it/7RQ6nH
2025-01-16,https://boxd.it/8tZOtT
2025-01-16,https://boxd.it/8tWQqL
2025-01-16,https://boxd.it/8tTdu9
2025-01-16,https://boxd.it/8roPDj
2025-01-16,https://boxd.it/8rcpib
2025-01-16,https://boxd.it/8e10pH
2025-01-16,https://boxd.it/8uF64T
2025-01-18,https://boxd.it/7NVN9d
2025-01-18,https://boxd.it/7uC5Kv
2025-01-18,https://boxd.it/8vYZkz
2025-01-19,https://boxd.it/8wiV5Z
2025-01-19,https://boxd.it/8wakpn
2025-01-19,https://boxd.it/8way3F
2025-01-19,https://boxd.it/8w7YHZ
2025-01-19,https://boxd.it/8wCNiL
2025-01-19,https://boxd.it/8wZMZZ
2025-01-19,https://boxd.it/8wWkmz
2025-01-19,https://boxd.it/8wTxdz
2025-01-19,https://boxd.it/8wRwnz
2025-01-19,https://boxd.it/8wC6XB
2025-01-19,https://boxd.it/8x40TT
2025-01-19,https://boxd.it/8vPynX
2025-01-19,https://boxd.it/8tTpBr
2025-01-19,https://boxd.it/8vbMRH
2025-01-19,https://boxd.it/8ufI6V
2025-01-19,https://boxd.it/8viKPj
2025-01-19,https://boxd.it/8tUtpV
2025-01-20,https://boxd.it/8xofxt
2025-01-20,https://boxd.it/8sqNct
2025-01-20,https://boxd.it/8xL9e7
2025-01-21,https://boxd.it/8xZQ69
2025-01-21,https://boxd.it/8yg6V5
2025-01-21,https://boxd.it/8yFFaN
2025-01-21,https://boxd.it/8yDzDF
2025-01-22,https://boxd.it/8zeKFL
2025-01-23,https://boxd.it/8zAY3b
2025-01-23,https://boxd.it/8zueeb
2025-01-23,https://boxd.it/8zpsmj
2025-01-23,https://boxd.it/4yV3IR
2025-01-23,https://boxd.it/4BkOyd
2025-01-23,https://boxd.it/4Br65Z
2025-01-23,https://boxd.it/4BAyTV
2025-01-23,https://boxd.it/4B7fRD
2025-01-23,https://boxd.it/4ANZUj
2025-01-23,https://boxd.it/3SZRYZ
2025-01-23,https://boxd.it/4ELAdV
2025-01-23,https://boxd.it/4B9XyJ
2025-01-23,https://boxd.it/8A4J2H
2025-01-24,https://boxd.it/8ADyR5
2025-01-25,https://boxd.it/8uwFpp
2025-01-25,https://boxd.it/8B0SlJ
2025-01-25,https://boxd.it/8s7pIR
2025-01-25,https://boxd.it/8BmWxt
2025-01-26,https://boxd.it/7rZtdJ
2025-01-26,https://boxd.it/8CjcR1
2025-01-26,https://boxd.it/8BXml1
2025-01-27,https://boxd.it/76yzNZ
2025-01-28,https://boxd.it/8Dtrwh
2025-01-29,https://boxd.it/8EiSXh
2025-01-30,https://boxd.it/8ESZhf
2025-01-30,https://boxd.it/8ERKxP
2025-01-31,https://boxd.it/8EPQPV
2025-02-01,https://boxd.it/8GC4pH
2025-02-01,https://boxd.it/8GJyBH
2025-02-01,https://boxd.it/8GKmW1
2025-02-02,https://boxd.it/8GTB8j
2025-02-02,https://boxd.it/8GOXgp
2025-02-02,https://boxd.it/8GJ4St
2025-02-02,https://boxd.it/8GJaOd
2025-02-02,https://boxd.it/8GJjcn
2025-02-02,https://boxd.it/8HIfE5
2025-02-03,https://boxd.it/8HImTh
2025-02-03,https://boxd.it/1gItx9
2025-02-03,https://boxd.it/5eFTHR
2025-02-03,https://boxd.it/53tguh
2025-02-03,https://boxd.it/4vp7V5
2025-02-03,https://boxd.it/6GtQ23
2025-02-03,https://boxd.it/8yjERR
2025-02-03,https://boxd.it/1yqDkF
2025-02-03,https://boxd.it/1Csix9
2025-02-03,https://boxd.it/3v5ynB
2025-02-03,https://boxd.it/QcEVD
2025-02-03,https://boxd.it/lwsVR
2025-02-04,https://boxd.it/8IEX39
2025-02-04,https://boxd.it/8IsLlB
2025-02-05,https://boxd.it/8JbNTl
2025-02-05,https://boxd.it/8JJylV
2025-02-06,https://boxd.it/8JZgrN
2025-02-11,https://boxd.it/8MZ8rd
2025-02-11,https://boxd.it/8MYaEh
2025-02-12,https://boxd.it/8MNKeH
2025-02-13,https://boxd.it/8OPKYn
2025-02-14,https://boxd.it/8P0da7
2025-02-14,https://boxd.it/2moSXj
2025-02-14,https://boxd.it/3gxn3V
2025-02-14,https://boxd.it/3DisQ1
2025-02-14,https://boxd.it/3Diugz
2025-02-14,https://boxd.it/4RRZtX
2025-02-15,https://boxd.it/8PzrpF
2025-02-17,https://boxd.it/8QNVp3
2025-02-18,https://boxd.it/2LQJG5
2025-02-18,https://boxd.it/1MUNS9
2025-02-18,https://boxd.it/n7QBp
2025-02-18,https://boxd.it/jmtx9
2025-02-18,https://boxd.it/8S3sQ1
2025-02-18,https://boxd.it/8Bdo2D
2025-02-18,https://boxd.it/8tezcz
2025-02-18,https://boxd.it/7s3oMR
2025-02-18,https://boxd.it/7rY1t3
2025-02-18,https://boxd.it/8ROKmt
2025-02-18,https://boxd.it/8Sf4NB
2025-02-24,https://boxd.it/8VmAtp
2025-02-25,https://boxd.it/8Wdpgb
2025-02-25,https://boxd.it/8UKYyH
2025-02-25,https://boxd.it/8WtnVj
2025-02-26,https://boxd.it/8XcB7d
2025-02-26,https://boxd.it/8XkPzh
2025-02-27,https://boxd.it/8XDtw9
2025-02-28,https://boxd.it/8Y1yeH
2025-02-28,https://boxd.it/8Y1wMd
2025-02-28,https://boxd.it/8XUQ4L
2025-02-28,https://boxd.it/8XPdq9
2025-03-01,https://boxd.it/8Z0Vlj
2025-03-01,https://boxd.it/8Z0d3v
2025-03-01,https://boxd.it/8Z0TeP
2025-03-03,https://boxd.it/1mp49d
2025-03-03,https://boxd.it/Oc3pH
2025-03-03,https://boxd.it/9041Rb
2025-03-03,https://boxd.it/8ZP3N1
2025-03-03,https://boxd.it/908yMh
2025-03-04,https://boxd.it/90OPLT
2025-03-06,https://boxd.it/91i6kD
2025-03-06,https://boxd.it/3o2VVn
2025-03-06,https://boxd.it/3ZwagZ
2025-03-06,https://boxd.it/2UMrbh
2025-03-08,https://boxd.it/93fKod
2025-03-09,https://boxd.it/92SXdL
2025-03-10,https://boxd.it/94YIvl
2025-03-11,https://boxd.it/95ooUn
2025-03-12,https://boxd.it/95N14j
2025-03-12,https://boxd.it/95I0GL
2025-03-13,https://boxd.it/96y0lR
2025-03-15,https://boxd.it/97EhcN
2025-03-17,https://boxd.it/98Lq4L
2025-03-17,https://boxd.it/99dUUN
2025-03-18,https://boxd.it/99tnc1
2025-03-18,https://boxd.it/93d4BZ
2025-03-18,https://boxd.it/96hOzF
2025-03-18,https://boxd.it/97Ct85
2025-03-18,https://boxd.it/97Opnf
2025-03-18,https://boxd.it/94eL3R
2025-03-18,https://boxd.it/97vN9j
2025-03-18,https://boxd.it/95CQMz
2025-03-18,https://boxd.it/99WGLH
2025-03-19,https://boxd.it/99XhCn
2025-03-19,https://boxd.it/9afsfP
2025-03-19,https://boxd.it/9afyrd
2025-03-19,https://boxd.it/9ax8n1
2025-03-23,https://boxd.it/9ccUfP
2025-03-25,https://boxd.it/9d4Sfr
2025-03-26,https://boxd.it/9e7GMN
2025-03-26,https://boxd.it/3r8aEj
2025-03-26,https://boxd.it/500Ftt
2025-03-27,https://boxd.it/2809XJ
2025-03-27,https://boxd.it/9exid7
2025-03-28,https://boxd.it/9f3iU5
2025-03-28,https://boxd.it/9eYc43
2025-03-28,https://boxd.it/9eXU61
2025-03-28,https://boxd.it/9evV7X
2025-03-30,https://boxd.it/9fQSqD
2025-03-30,https://boxd.it/9fN6CP
2025-03-30,https://boxd.it/9gk4rL
2025-03-31,https://boxd.it/9gzdFR
2025-03-31,https://boxd.it/9gmTHp
2025-04-02,https://boxd.it/9hNKWX
2025-04-02,https://boxd.it/9hH3UR
2025-04-02,https://boxd.it/9hplzL
2025-04-02,https://boxd.it/9hijuP
2025-04-02,https://boxd.it/9gYXxp
2025-04-02,https://boxd.it/9if3wD
2025-04-03,https://boxd.it/9iptK7
2025-04-05,https://boxd.it/9jc7Yf
2025-04-05,https://boxd.it/9jsjPV
2025-04-05,https://boxd.it/9jzfRd
2025-04-06,https://boxd.it/9k3Tbh
2025-04-09,https://boxd.it/9lTArD
2025-04-09,https://boxd.it/9lQkFN
2025-04-10,https://boxd.it/9mnWvn
2025-04-10,https://boxd.it/9mTWN1
2025-04-12,https://boxd.it/9nnhdr
2025-04-12,https://boxd.it/9nEJ1R
2025-04-14,https://boxd.it/9nArl7
2025-04-14,https://boxd.it/9pfxhr
2025-04-15,https://boxd.it/9pEBCt
2025-04-15,https://boxd.it/9pcMH9
2025-04-16,https://boxd.it/9pKWGN
2025-04-16,https://boxd.it/9qaG5N
2025-04-16,https://boxd.it/9qivRR
2025-04-18,https://boxd.it/9qJ1Df
2025-04-18,https://boxd.it/9mPXa7
2025-04-18,https://boxd.it/9mPIUf
2025-04-20,https://boxd.it/9seOWV
2025-04-21,https://boxd.it/9t0yPb
2025-04-22,https://boxd.it/9u8ird
2025-04-22,https://boxd.it/9u40dT
2025-04-22,https://boxd.it/9u9hzR
2025-04-25,https://boxd.it/9vUSCr
2025-04-25,https://boxd.it/9vN1hB
2025-04-28,https://boxd.it/9xJFaP
2025-04-28,https://boxd.it/9x2NuR
2025-04-28,https://boxd.it/9x4LAR
2025-04-28,https://boxd.it/9vhXAx
2025-04-28,https://boxd.it/9q0TCb
2025-04-29,https://boxd.it/9yhvR3
2025-04-29,https://boxd.it/9yhdwr
2025-04-29,https://boxd.it/9y8B5h
2025-04-29,https://boxd.it/9qAEsd
2025-04-29,https://boxd.it/9ytZPZ
2025-04-29,https://boxd.it/9rMTWv
2025-04-30,https://boxd.it/9yOnOL
2025-04-30,https://boxd.it/9yOadn
2025-04-30,https://boxd.it/9yHV5L
2025-05-01,https://boxd.it/9ziRoN
2025-05-04,https://boxd.it/9AHfiL
2025-05-04,https://boxd.it/9BIAAx
2025-05-04,https://boxd.it/byFrT
2025-05-05,https://boxd.it/9C0nDz
2025-05-06,https://boxd.it/9zvUY1
2025-05-06,https://boxd.it/9zibu5
2025-05-07,https://boxd.it/9D0hcr
2025-05-08,https://boxd.it/9Dnvfb
2025-05-08,https://boxd.it/9DiSsR
2025-05-09,https://boxd.it/9yT3FT
2025-05-09,https://boxd.it/9zR35B
2025-05-09,https://boxd.it/9DYakt
2025-05-09,https://boxd.it/9CdKXt
2025-05-09,https://boxd.it/9EcU3h
2025-05-10,https://boxd.it/9EI28L
2025-05-10,https://boxd.it/9EuZnx
2025-05-14,https://boxd.it/9GPUHR
2025-05-14,https://boxd.it/9GFQyL
2025-05-14,https://boxd.it/9GQjSb
2025-05-14,https://boxd.it/9GR5vp
2025-05-15,https://boxd.it/9HejEh
2025-05-16,https://boxd.it/9I5Vip
2025-05-18,https://boxd.it/9J4B5R
2025-05-18,https://boxd.it/9kQ6Ch
2025-05-18,https://boxd.it/9GTgsv
2025-05-18,https://boxd.it/9J6SHd
2025-05-18,https://boxd.it/9J5TPZ
2025-05-18,https://boxd.it/9J7sn9
2025-05-19,https://boxd.it/9JMp9l
2025-05-19,https://boxd.it/9JZZgj
2025-05-21,https://boxd.it/9JE5d7
2025-05-21,https://boxd.it/9KUbFn
2025-05-22,https://boxd.it/9LwI3R
2025-05-22,https://boxd.it/9Lp1wd
2025-05-22,https://boxd.it/9Le7DH
2025-05-22,https://boxd.it/9Le4kH
2025-05-22,https://boxd.it/9LdHst
2025-05-22,https://boxd.it/9LdEQn
2025-05-23,https://boxd.it/9LYJQr
2025-05-23,https://boxd.it/9LMQP7
2025-05-24,https://boxd.it/9MnnqV
2025-05-24,https://boxd.it/9Mnj4B
2025-05-26,https://boxd.it/9N36VL
2025-05-26,https://boxd.it/9N0niv
2025-05-26,https://boxd.it/9MYbBh
2025-05-28,https://boxd.it/9MY9Qf
2025-05-28,https://boxd.it/9MY4Jj
2025-05-28,https://boxd.it/9Po3pH
2025-05-30,https://boxd.it/9QaXdN
2025-05-30,https://boxd.it/9PBIoV
2025-05-30,https://boxd.it/9PmIwF
2025-05-30,https://boxd.it/9MDiKt
2025-05-30,https://boxd.it/9OFYDV
2025-05-31,https://boxd.it/9QrEhF
2025-06-02,https://boxd.it/9RPicl
2025-06-05,https://boxd.it/9SckZ1
2025-06-05,https://boxd.it/9RPzf7
2025-06-06,https://boxd.it/9TKrRl
2025-06-09,https://boxd.it/9VlWgD
2025-06-11,https://boxd.it/9V6JwX
2025-06-11,https://boxd.it/9XPPy9
2025-06-11,https://boxd.it/9XlhB9
2025-06-11,https://boxd.it/9XYWHZ
2025-06-11,https://boxd.it/9Y1Nw5
2025-06-16,https://boxd.it/9XW7AJ
2025-06-16,https://boxd.it/a0KK9l
2025-06-16,https://boxd.it/a0rGyt
2025-06-16,https://boxd.it/a09d99
2025-06-17,https://boxd.it/a1f14H
2025-06-24,https://boxd.it/a2Fep5
2025-06-24,https://boxd.it/a6s5AN
2025-06-27,https://boxd.it/a7PbUf
2025-06-28,https://boxd.it/a8r1tp
2025-06-28,https://boxd.it/a7NwXF
2025-06-28,https://boxd.it/a7s2nF
2025-07-02,https://boxd.it/abj343
2025-07-02,https://boxd.it/aaHjrh
2025-07-02,https://boxd.it/aaH20t
2025-07-03,https://boxd.it/abZF3B
2025-07-06,https://boxd.it/adV7rp
2025-07-09,https://boxd.it/afYAD9
2025-07-10,https://boxd.it/agFjkF
2025-07-10,https://boxd.it/9fyCNb
2025-07-10,https://boxd.it/4fPu0p
2025-07-10,https://boxd.it/9mNjpH
2025-07-10,https://boxd.it/1yRpZ9
2025-07-10,https://boxd.it/1a8aWD
2025-07-10,https://boxd.it/2o7Gev
2025-07-10,https://boxd.it/Oa3Zr
2025-07-10,https://boxd.it/4Krdf
2025-07-14,https://boxd.it/akpQG9
2025-07-14,https://boxd.it/ajXU9d
2025-07-14,https://boxd.it/ajvbM9
2025-07-14,https://boxd.it/ajLBKP
2025-07-14,https://boxd.it/aiZhTB
2025-07-14,https://boxd.it/ag5Bar
2025-07-14,https://boxd.it/agu8bb
2025-07-16,https://boxd.it/aloep7
2025-07-17,https://boxd.it/alWwCh
2025-07-19,https://boxd.it/anpb0t
2025-07-19,https://boxd.it/anBBIZ
2025-07-19,https://boxd.it/ao6uFh
2025-07-20,https://boxd.it/9IatSJ
2025-07-20,https://boxd.it/9I91gb
2025-07-20,https://boxd.it/aope9n
2025-07-21,https://boxd.it/aoX9XZ
2025-07-21,https://boxd.it/aoxkDJ
2025-07-21,https://boxd.it/aohthv
2025-07-22,https://boxd.it/apVhfh
2025-07-23,https://boxd.it/arbcnh
2025-07-23,https://boxd.it/aqXBd9
2025-07-24,https://boxd.it/aqCn6B
2025-07-26,https://boxd.it/at1QCz
2025-07-27,https://boxd.it/atIpHj
2025-07-28,https://boxd.it/auKDRv
2025-07-28,https://boxd.it/auDah5
2025-07-28,https://boxd.it/auy4mt
2025-07-28,https://boxd.it/avfPzb
2025-07-29,https://boxd.it/aw7nB7
2025-07-29,https://boxd.it/aw4eTP
2025-07-29,https://boxd.it/avK2Q5
2025-07-29,https://boxd.it/avBhub
2025-07-30,https://boxd.it/awpPhv
2025-08-01,https://boxd.it/axX0WT
2025-08-02,https://boxd.it/az0NiD
2025-08-04,https://boxd.it/aBb2r9
2025-08-05,https://boxd.it/aBnQEV
2025-08-05,https://boxd.it/aB4XKt
2025-08-05,https://boxd.it/aAynfv
2025-08-05,https://boxd.it/aBE8Rv
2025-08-07,https://boxd.it/aDwjgn
2025-08-08,https://boxd.it/aDCJan
2025-08-08,https://boxd.it/aEeEob
2025-08-09,https://boxd.it/aERibH
2025-08-09,https://boxd.it/9UNt8R
2025-08-09,https://boxd.it/ashI7h
2025-08-09,https://boxd.it/amoKhD
2025-08-09,https://boxd.it/8EQ50D
2025-08-09,https://boxd.it/ase7X5
2025-08-10,https://boxd.it/3cQu5V
2025-08-10,https://boxd.it/3d0NC5
2025-08-10,https://boxd.it/3cGEM1
2025-08-10,https://boxd.it/3dk3rF
2025-08-10,https://boxd.it/3fycrP
2025-08-10,https://boxd.it/amjamd
2025-08-10,https://boxd.it/aEX12Z
2025-08-10,https://boxd.it/aFM9WD
2025-08-10,https://boxd.it/aySC11
2025-08-10,https://boxd.it/ay668N
2025-08-10,https://boxd.it/aDf5Ld
2025-08-11,https://boxd.it/aFY9BT
2025-08-11,https://boxd.it/aFWlSt
2025-08-11,https://boxd.it/aFUsUH
2025-08-11,https://boxd.it/aG1jgx
2025-08-12,https://boxd.it/aGNGBJ
2025-08-12,https://boxd.it/aHuphD
2025-08-12,https://boxd.it/aHCN29
2025-08-12,https://boxd.it/aHCJtv
2025-08-13,https://boxd.it/aIksNh
2025-08-14,https://boxd.it/aIwtxX
2025-08-14,https://boxd.it/aJ2ybh
2025-08-15,https://boxd.it/aJHF8h
2025-08-15,https://boxd.it/aJH4td
2025-08-17,https://boxd.it/aKrMVd
2025-08-17,https://boxd.it/aKqdZx
2025-08-17,https://boxd.it/aL8yR3
2025-08-18,https://boxd.it/aLdyKh
2025-08-18,https://boxd.it/aLhSyN
2025-08-19,https://boxd.it/aM72yb
2025-08-20,https://boxd.it/aMKzVP
2025-08-20,https://boxd.it/aMLvYn
2025-08-20,https://boxd.it/aNwgmn
2025-08-24,https://boxd.it/aPnj63
2025-08-24,https://boxd.it/aQbsid
2025-08-24,https://boxd.it/8TQnq5
2025-08-25,https://boxd.it/aQ9TfB
2025-08-25,https://boxd.it/2qSnhd
2025-08-25,https://boxd.it/4xqxZx
2025-08-25,https://boxd.it/bibGR
2025-08-25,https://boxd.it/1i9DbF
2025-08-25,https://boxd.it/259GRv
2025-08-25,https://boxd.it/iG7WH
2025-08-25,https://boxd.it/1FD3c5
2025-08-27,https://boxd.it/aS7Omh
2025-08-28,https://boxd.it/aS99Oj
2025-08-28,https://boxd.it/aSw70R
2025-08-30,https://boxd.it/aTz4ij
2025-09-01,https://boxd.it/aV5won
2025-09-02,https://boxd.it/aVQUHH
2025-09-03,https://boxd.it/aX619h
2025-09-07,https://boxd.it/aYYhZl
2025-09-07,https://boxd.it/439tAf
2025-09-07,https://boxd.it/18oZaz
2025-09-07,https://boxd.it/1sva87
2025-09-09,https://boxd.it/aZO2dv
2025-09-09,https://boxd.it/aZKlaR
2025-09-15,https://boxd.it/b3gQ1n
2025-09-15,https://boxd.it/b3dpFp
2025-09-17,https://boxd.it/b590Hl
2025-09-22,https://boxd.it/1vjrOH
2025-09-22,https://boxd.it/1ZyZzr
2025-09-22,https://boxd.it/1Sri9
2025-09-22,https://boxd.it/b8ftXh
2025-09-22,https://boxd.it/b8Rbbl
2025-09-25,https://boxd.it/ba11C1
2025-09-25,https://boxd.it/ba7ZQJ
2025-09-26,https://boxd.it/b9tQr1
2025-09-26,https://boxd.it/b8Np9F
2025-09-26,https://boxd.it/b7zQYt
2025-09-28,https://boxd.it/bbG0Er
2025-09-29,https://boxd.it/bd1TTR
2025-09-29,https://boxd.it/bcWltF
2025-09-29,https://boxd.it/bbb6zl
2025-09-29,https://boxd.it/baui4j
2025-09-29,https://boxd.it/bd8uID
2025-09-29,https://boxd.it/bbd6nN
2025-09-29,https://boxd.it/baYJqL
2025-09-29,https://boxd.it/bbDOnT
2025-09-29,https://boxd.it/ba789R
2025-09-29,https://boxd.it/baYWn1
2025-09-29,https://boxd.it/bb5VVb
2025-09-29,https://boxd.it/bbht2V
2025-09-29,https://boxd.it/bba0RV
2025-09-29,https://boxd.it/bbl8LD
2025-09-29,https://boxd.it/bafqFd
2025-09-29,https://boxd.it/baiJvx
2025-09-30,https://boxd.it/bdasP7
2025-09-30,https://boxd.it/bd4jjT
2025-09-30,https://boxd.it/bdlHyn
2025-09-30,https://boxd.it/bdt07f
2025-10-03,https://boxd.it/bevyTl
2025-10-03,https://boxd.it/beNkpn
2025-10-03,https://boxd.it/beTqj3
2025-10-03,https://boxd.it/behfw5
2025-10-04,https://boxd.it/bfooUt
2025-10-04,https://boxd.it/bfXwxd
2025-10-04,https://boxd.it/bfeEaL
2025-10-04,https://boxd.it/bg17oN
2025-10-04,https://boxd.it/bg6jSZ
2025-10-04,https://boxd.it/bg4Q2D
2025-10-06,https://boxd.it/bgHygZ
2025-10-07,https://boxd.it/bh8qdn
2025-10-07,https://boxd.it/bgJAUh
2025-10-07,https://boxd.it/bgJAxx
2025-10-07,https://boxd.it/bfgV3B
2025-10-08,https://boxd.it/bicYoL
2025-10-10,https://boxd.it/bjslcn
2025-10-10,https://boxd.it/bjm8jX
2025-10-12,https://boxd.it/bkwWXn
2025-10-12,https://boxd.it/bkoOTB
2025-10-15,https://boxd.it/bmzPgP
2025-10-16,https://boxd.it/bnnNkl
2025-10-20,https://boxd.it/bpOyjp
2025-10-20,https://boxd.it/bqrrvB
2025-10-22,https://boxd.it/aOSaON
2025-10-22,https://boxd.it/1iQW5n
2025-10-22,https://boxd.it/1t5aX7
2025-10-23,https://boxd.it/brSlS3
2025-10-24,https://boxd.it/bspQ29
2025-10-24,https://boxd.it/QLRKD
2025-10-24,https://boxd.it/QGcb3
2025-10-24,https://boxd.it/1uC7fh
2025-10-24,https://boxd.it/19pTrZ
2025-10-24,https://boxd.it/UhJlB
2025-10-24,https://boxd.it/3kb3dN
2025-10-27,https://boxd.it/bvcLBJ
2025-10-27,https://boxd.it/a4eb7h
2025-10-31,https://boxd.it/bxtn7x
2025-11-03,https://boxd.it/byTmqp
2025-11-07,https://boxd.it/bCpVzn
2025-11-09,https://boxd.it/bDkUHJ
2025-11-09,https://boxd.it/bCU5kx
2025-11-09,https://boxd.it/bCOeB1
2025-11-09,https://boxd.it/b0wzTn
2025-11-09,https://boxd.it/bDWAgf
2025-11-09,https://boxd.it/bDUxcZ
2025-11-10,https://boxd.it/akrSj1
2025-11-10,https://boxd.it/a5MLZh
2025-11-11,https://boxd.it/9WIU75
2025-11-11,https://boxd.it/a11Cp5
2025-11-11,https://boxd.it/9Xvk4R
2025-11-11,https://boxd.it/9WiRq7
2025-11-13,https://boxd.it/bGCIwR
2025-11-13,https://boxd.it/yartb
2025-11-14,https://boxd.it/bHQdO3
2025-11-15,https://boxd.it/bI1YhH
2025-11-15,https://boxd.it/bDmG9n
2025-11-16,https://boxd.it/bIvS6N
2025-11-17,https://boxd.it/bIvJZ5
2025-11-17,https://boxd.it/bK97kR
2025-11-17,https://boxd.it/bK4DGZ
2025-11-18,https://boxd.it/bKpg9P
2025-11-18,https://boxd.it/b3JfRp
2025-11-18,https://boxd.it/b0eV2f
2025-11-18,https://boxd.it/bKwMTJ
2025-11-18,https://boxd.it/bKwHlR
2025-11-21,https://boxd.it/bLZUxD
2025-11-21,https://boxd.it/bLZOZh
2025-11-21,https://boxd.it/bLZKLb
2025-11-22,https://boxd.it/ao8oI9
2025-11-23,https://boxd.it/bNkepN
2025-11-29,https://boxd.it/bRsIt3
2025-12-03,https://boxd.it/bUlThZ
2025-12-04,https://boxd.it/bVcVax
2025-12-07,https://boxd.it/bX5tGT
2025-12-08,https://boxd.it/bY7Yi7
2025-12-09,https://boxd.it/bYqNEJ
2025-12-09,https://boxd.it/bYhrkp
2025-12-10,https://boxd.it/bYJ9Q9
2025-12-11,https://boxd.it/bZRXo5
2025-12-11,https://boxd.it/bZPPaF
2025-12-14,https://boxd.it/c2mKdX
2025-12-15,https://boxd.it/c2FjnJ
2025-12-15,https://boxd.it/c2wCl5
2025-12-16,https://boxd.it/c3QmcP
2025-12-21,https://boxd.it/c7c0Vz
2025-12-21,https://boxd.it/c8RAY1
2025-12-21,https://boxd.it/c88hMP
2025-12-21,https://boxd.it/c93Y4F
2025-12-22,https://boxd.it/c9a2Ez
2025-12-23,https://boxd.it/carafP
2025-12-23,https://boxd.it/campiT
2025-12-23,https://boxd.it/caj06n
2025-12-23,https://boxd.it/bM4YVT
2025-12-23,https://boxd.it/c2Z7Xb
2025-12-24,https://boxd.it/ccacf7
2025-12-25,https://boxd.it/cdD35f
2025-12-26,https://boxd.it/cdAPcx
2025-12-26,https://boxd.it/ccXgv7
2025-12-26,https://boxd.it/ceKeMx
2025-12-28,https://boxd.it/6HdJYh
2025-12-28,https://boxd.it/6G6nJL
2025-12-28,https://boxd.it/cgUsRT
2025-12-28,https://boxd.it/cfIdKb
2025-12-28,https://boxd.it/ceLhuj
2025-12-28,https://boxd.it/cfZCIX
2025-12-28,https://boxd.it/cfh4Bb
2025-12-28,https://boxd.it/cebDDv
2025-12-28,https://boxd.it/ch6RbH
2025-12-29,https://boxd.it/bSZZvv
2025-12-29,https://boxd.it/bXqH4B
2025-12-29,https://boxd.it/cippzD
2025-12-29,https://boxd.it/cinF27
2025-12-29,https://boxd.it/cigNO5
2025-12-30,https://boxd.it/cixQbJ
2025-12-30,https://boxd.it/cj9OC5
2025-12-30,https://boxd.it/cj6CMh
2025-12-31,https://boxd.it/ckmzQV
2025-12-31,https://boxd.it/ckh58p
2025-12-31,https://boxd.it/c5drzJ
2025-12-31,https://boxd.it/c3ZuAt
2025-12-31,https://boxd.it/c3mttD
2025-12-31,https://boxd.it/c1IDpx
2025-12-31,https://boxd.it/c1CXR5
2025-12-31,https://boxd.it/bV0rpN
2025-12-31,https://boxd.it/bUmp1f
2025-12-31,https://boxd.it/bS1a7x
2026-01-01,https://boxd.it/cjXlRb
2026-01-01,https://boxd.it/YiU8V
2026-01-02,https://boxd.it/cmbRyr
2026-01-04,https://boxd.it/cqgXzL
2026-01-04,https://boxd.it/cpLtUR
2026-01-04,https://boxd.it/cp24E5
2026-01-04,https://boxd.it/coYRoH
2026-01-04,https://boxd.it/cqNx4j
2026-01-04,https://boxd.it/bmCq1h
2026-01-04,https://boxd.it/c9h3SB
2026-01-05,https://boxd.it/cr2bbn
2026-01-05,https://boxd.it/csfRWZ
2026-01-08,https://boxd.it/cuZS45
2026-01-08,https://boxd.it/cuUjir
2026-01-08,https://boxd.it/cvZu8L
2026-01-09,https://boxd.it/cw6fjD
2026-01-10,https://boxd.it/cxvyPx
2026-01-10,https://boxd.it/cx5OPL
2026-01-12,https://boxd.it/czJwDl
2026-01-12,https://boxd.it/czDnmN
2026-01-12,https://boxd.it/czy8mX
2026-01-13,https://boxd.it/cBx57r
2026-01-13,https://boxd.it/cAGylB
2026-01-18,https://boxd.it/cG5jRx
2026-01-18,https://boxd.it/cGFNLr
2026-01-18,https://boxd.it/cGLZKd
2026-01-19,https://boxd.it/9TgSin
2026-01-19,https://boxd.it/9JZ2fB
2026-01-19,https://boxd.it/cHNpoD
2026-01-20,https://boxd.it/cIH7aZ
2026-01-20,https://boxd.it/cIwNpb
2026-01-20,https://boxd.it/cIXMMd
2026-01-21,https://boxd.it/cIfUjZ
2026-01-22,https://boxd.it/cKt3GR
2026-01-22,https://boxd.it/cKs00r
2026-01-22,https://boxd.it/2pXpUH
2026-01-23,https://boxd.it/cLnFsZ
2026-01-23,https://boxd.it/cMah2B
2026-01-24,https://boxd.it/cMj9kv
2026-01-24,https://boxd.it/bM2qRf
2026-01-24,https://boxd.it/bNsmAl
2026-01-24,https://boxd.it/bYs9Yj
2026-01-24,https://boxd.it/cN26i7
2026-01-24,https://boxd.it/cMmCBr
2026-01-24,https://boxd.it/cMmvm5
2026-01-25,https://boxd.it/cNJIpV
2026-01-25,https://boxd.it/cNM5xd
2026-01-26,https://boxd.it/cOAvkT
2026-01-26,https://boxd.it/cOggHt
2026-01-26,https://boxd.it/cOeyUL
2026-01-26,https://boxd.it/cPdtDR
2026-01-28,https://boxd.it/cRRvqt
2026-01-28,https://boxd.it/cQIT9z
2026-01-28,https://boxd.it/cQCpCz
2026-01-29,https://boxd.it/cRUunf
2026-01-29,https://boxd.it/cSl9FV
2026-01-30,https://boxd.it/cSW8u7
2026-01-30,https://boxd.it/cNgJsD
2026-01-30,https://boxd.it/cTJKYn
2026-02-01,https://boxd.it/cVCRlr
2026-02-01,https://boxd.it/cVCt4h
2026-02-01,https://boxd.it/cVtSjN
2026-02-01,https://boxd.it/cUIMtD
2026-02-01,https://boxd.it/1saSbR
2026-02-01,https://boxd.it/6h1tIJ
2026-02-02,https://boxd.it/cW7UAr
2026-02-02,https://boxd.it/9yb3R3
2026-02-03,https://boxd.it/cX9IV1
2026-02-03,https://boxd.it/cTGyIL
2026-02-04,https://boxd.it/cXZBPJ
